id,user_id,account_number,account_type,balance,currency,created_at,updated_at,active
100000,100000,ACCT91278262,savings,0.00,USD,2002-04-08 10:07:25,2022-12-23 07:57:37,1
100001,100001,ACCT99753913,savings,0.00,USD,2014-01-10 21:26:25,2002-04-24 19:40:00,1
100002,100002,ACCT54980384,savings,0.00,USD,2020-11-07 04:56:10,2011-09-12 04:12:50,1
100003,100003,ACCT21659218,credit,0.00,USD,2001-07-19 13:37:30,2018-03-06 16:08:09,1
100004,100004,ACCT92329873,savings,0.00,USD,2008-04-16 20:10:12,2001-11-28 07:45:53,1
100005,100005,ACCT02775167,savings,0.00,USD,2016-02-26 08:53:24,2008-02-22 21:10:58,1
100006,100006,ACCT32290422,credit,0.00,USD,2021-03-23 08:48:21,2025-05-25 02:14:30,1
100007,100007,ACCT20340784,checking,0.00,USD,2003-01-07 02:31:17,2017-08-28 07:02:29,1
100008,100008,ACCT88803317,savings,0.00,USD,2016-04-21 11:42:05,2014-04-04 13:01:57,1
100009,100009,ACCT45451998,checking,0.00,USD,2011-09-12 21:47:37,2020-02-12 21:54:22,1
100010,100010,ACCT76283729,checking,0.00,USD,2003-05-04 23:34:52,2002-05-20 19:40:26,1
100011,100011,ACCT51512517,checking,0.00,USD,2001-04-09 23:39:56,2017-12-09 10:39:36,1
100012,100012,ACCT75139715,credit,0.00,USD,2020-06-28 23:14:25,2015-04-05 03:42:27,1
100013,100013,ACCT67889459,savings,0.00,USD,2007-03-30 17:35:42,2019-11-13 04:43:49,1
100014,100014,ACCT32768694,credit,0.00,USD,2019-03-13 05:32:16,2001-06-24 02:54:06,1
100015,100015,ACCT94588860,checking,0.00,USD,2005-06-10 01:26:17,2019-01-05 20:02:58,1
100016,100016,ACCT86373542,savings,0.00,USD,2015-05-18 00:11:10,2005-06-12 22:12:40,1
100017,100017,ACCT93396857,credit,0.00,USD,2013-10-18 09:25:59,2012-04-27 10:04:01,1
100018,100018,ACCT77049996,checking,0.00,USD,2020-03-30 07:49:15,2020-04-19 03:11:30,1
100019,100019,ACCT90522589,savings,0.00,USD,2022-06-30 14:54:41,2006-03-23 16:49:57,1
100020,100020,ACCT35423838,savings,0.00,USD,2022-12-20 07:35:09,2001-03-22 12:00:34,1
100021,100021,ACCT24560284,savings,0.00,USD,2004-05-24 07:14:03,2023-09-28 23:38:04,1
100022,100022,ACCT39526279,savings,0.00,USD,2013-10-19 15:00:09,2014-02-20 13:19:12,1
100023,100023,ACCT68314624,checking,0.00,USD,2014-12-07 07:35:24,2014-05-31 20:56:35,1
100024,100024,ACCT04075031,credit,0.00,USD,2015-12-13 07:43:38,2001-09-24 03:45:37,1
100025,100025,ACCT11871074,savings,0.00,USD,2017-10-29 12:46:20,2022-07-23 00:51:14,1
100026,100026,ACCT39428846,credit,0.00,USD,2010-03-20 11:03:23,2012-12-06 09:55:22,1
100027,100027,ACCT59432475,checking,0.00,USD,2018-10-09 12:49:57,2022-08-18 19:31:58,1
100028,100028,ACCT66513646,checking,0.00,USD,2003-07-03 00:15:26,2019-10-08 06:43:41,1
100029,100029,ACCT21392382,savings,0.00,USD,2005-02-03 16:34:38,2016-01-08 17:39:43,1
100030,100030,ACCT77535508,checking,0.00,USD,2002-09-14 18:26:31,2008-04-26 07:51:22,1
100031,100031,ACCT29064205,checking,0.00,USD,2007-05-21 16:16:10,2006-07-03 13:00:21,1
100032,100032,ACCT36924936,checking,0.00,USD,2001-10-07 13:16:53,2025-08-18 08:15:34,1
100033,100033,ACCT21093223,credit,0.00,USD,2010-09-28 16:09:49,2021-09-26 14:25:58,1
100034,100034,ACCT92915669,savings,0.00,USD,2019-03-20 11:59:55,2001-02-14 05:26:32,1
100035,100035,ACCT15089463,checking,0.00,USD,2016-05-13 11:51:10,2003-10-21 08:18:40,1
100036,100036,ACCT49149793,credit,0.00,USD,2014-08-22 18:22:16,2023-08-31 18:45:53,1
100037,100037,ACCT84612569,credit,0.00,USD,2010-05-21 18:58:27,2000-09-26 02:27:41,1
100038,100038,ACCT90476521,credit,0.00,USD,2013-08-04 22:13:19,2001-11-26 20:13:02,1
100039,100039,ACCT50538316,savings,0.00,USD,2008-12-30 14:33:03,2011-12-19 03:11:37,1
100040,100040,ACCT78562978,credit,0.00,USD,2010-01-26 05:59:38,2019-09-18 14:39:24,1
100041,100041,ACCT17295264,checking,0.00,USD,2013-11-24 20:24:22,2017-01-05 03:15:32,1
100042,100042,ACCT36991997,savings,0.00,USD,2009-09-06 05:42:06,2025-07-13 20:01:21,1
100043,100043,ACCT55637446,savings,0.00,USD,2022-06-13 06:18:34,2001-08-20 23:50:39,1
100044,100044,ACCT17793926,checking,0.00,USD,2014-12-12 03:00:02,2007-09-25 03:49:41,1
100045,100045,ACCT03339758,savings,0.00,USD,2003-05-20 17:47:35,2023-07-11 05:23:03,1
100046,100046,ACCT72034212,checking,0.00,USD,2020-04-05 20:23:31,2016-05-01 09:24:53,1
100047,100047,ACCT66414545,checking,0.00,USD,2021-01-28 17:55:39,2006-05-03 11:20:04,1
100048,100048,ACCT57116147,savings,0.00,USD,2010-03-06 20:35:32,2002-08-11 08:14:35,1
100049,100049,ACCT97624893,credit,0.00,USD,2011-03-29 06:39:54,2010-12-25 07:06:23,1
100050,100050,ACCT71927309,checking,9579.47,BYR,2019-12-30 08:38:06,2018-03-27 21:09:34,40
100051,100051,ACCT14749810,checking,1221.93,KMF,2010-08-21 18:47:48,2010-10-19 01:56:14,80
100052,100052,ACCT16789143,credit,6116.41,AFN,2009-11-14 16:28:54,2011-01-25 15:56:18,122
100053,100053,ACCT90114913,savings,7815.42,ZAR,2013-11-24 13:06:09,2018-07-20 00:13:30,94
100054,100054,ACCT04937548,credit,8666.76,GEL,2012-07-19 18:18:57,2002-12-07 10:02:10,84
100055,100055,ACCT83456678,credit,3171.71,EEK,2011-06-03 21:39:28,2023-12-05 03:48:16,33
100056,100056,ACCT43427115,savings,9538.10,SGD,2025-04-15 18:04:04,2021-04-30 02:10:33,11
100057,100057,ACCT16384435,savings,2348.46,DZD,2002-09-08 19:38:08,2017-05-25 07:03:20,78
100058,100058,ACCT52886885,checking,7185.65,ALL,2017-10-02 17:18:50,2008-09-18 00:00:12,114
100059,100059,ACCT00312298,credit,6903.92,PHP,2021-06-02 15:16:05,2008-10-09 04:25:36,118
100060,100060,ACCT75026784,credit,6362.91,MDL,2016-09-17 16:48:29,2018-05-04 19:59:13,53
100061,100061,ACCT34434572,credit,8685.40,ZAR,2006-08-29 01:06:43,2018-11-28 02:25:51,77
100062,100062,ACCT62072263,checking,7352.15,XBD,2019-04-03 13:18:42,2025-01-15 19:52:35,61
100063,100063,ACCT28679810,savings,4534.00,ISK,2004-09-23 06:06:04,2025-08-02 16:38:56,18
100064,100064,ACCT76373520,checking,1724.17,NGN,2002-07-04 06:59:23,2019-02-20 11:33:02,32
100065,100065,ACCT84254226,checking,361.29,ZAR,2022-12-23 11:44:01,2018-06-27 12:04:16,114
100066,100066,ACCT09336332,savings,1741.93,XAU,2000-09-20 15:03:19,2007-05-21 01:03:11,18
100067,100067,ACCT81153426,credit,4507.17,YER,2014-05-13 13:39:17,2020-05-10 01:55:22,105
100068,100068,ACCT27974998,credit,7699.28,PKR,2012-12-20 05:42:09,2014-09-05 04:43:17,22
100069,100069,ACCT99656267,checking,9934.67,MXN,2015-12-10 18:14:06,2023-08-03 05:19:34,96
100070,100070,ACCT76186969,savings,3233.71,XDR,2024-12-28 14:19:57,2009-07-18 04:54:31,4
100071,100071,ACCT71577697,savings,9712.56,GTQ,2016-11-06 12:57:37,2014-09-13 15:47:39,82
100072,100072,ACCT54263141,credit,5877.46,ALL,2006-07-14 16:58:08,2016-06-01 21:42:10,21
100073,100073,ACCT49195069,checking,4327.25,KWD,2024-03-06 00:47:04,2023-12-21 10:40:52,55
100074,100074,ACCT88260341,checking,360.08,PYG,2005-09-01 13:33:21,2008-05-05 06:27:41,19
100075,100075,ACCT45469310,credit,5144.75,TOP,2014-11-18 04:17:46,2007-03-08 19:05:09,59
100076,100076,ACCT97274139,checking,8527.84,XFU,2010-07-19 09:37:05,2008-01-01 09:38:39,78
100077,100077,ACCT87792804,checking,9694.52,KWD,2000-09-14 18:47:07,2020-01-14 22:12:19,49
100078,100078,ACCT68883894,checking,2157.70,RON,2004-05-25 16:30:00,2010-03-05 13:32:46,63
100079,100079,ACCT97797187,credit,954.76,ISK,2024-09-28 14:47:52,2004-06-09 14:41:31,64
100080,100080,ACCT41547984,savings,6835.53,SYP,2012-01-24 01:20:38,2022-05-21 16:43:55,104
100081,100081,ACCT82192330,savings,7949.18,USD,2013-12-24 14:45:58,2018-10-16 19:39:52,30
100082,100082,ACCT42275247,credit,1471.98,CAD,2011-07-24 11:37:55,2023-09-22 14:19:35,122
100083,100083,ACCT71766974,credit,7356.39,LTL,2021-09-26 07:39:08,2021-05-16 14:26:24,118
100084,100084,ACCT57879531,credit,9132.03,SAR,2025-01-01 14:17:11,2024-12-13 06:24:56,34
100085,100085,ACCT89989186,credit,1695.38,MNT,2025-04-20 04:53:38,2016-04-13 11:12:38,31
100086,100086,ACCT21894969,savings,5398.10,MOP,2015-03-31 04:52:24,2016-11-03 03:25:09,25
100087,100087,ACCT10552984,credit,8839.81,NPR,2017-09-16 16:46:58,2010-08-05 22:16:08,38
100088,100088,ACCT54379743,savings,3779.83,HKD,2012-08-05 15:34:32,2009-09-06 18:07:18,80
100089,100089,ACCT93055335,savings,6837.21,OMR,2009-10-15 08:08:39,2014-05-23 00:50:54,60
100090,100090,ACCT77026322,credit,2437.42,BGN,2001-03-30 22:22:05,2025-06-23 08:00:22,44
100091,100091,ACCT12493654,checking,4916.30,MKD,2011-08-13 01:02:06,2000-10-25 14:23:52,104
100092,100092,ACCT05459648,credit,9379.63,MXN,2012-04-26 01:25:42,2011-10-30 08:26:47,1
100093,100093,ACCT05400537,credit,9846.28,KWD,2007-07-02 02:49:06,2006-04-21 04:46:14,45
100094,100094,ACCT41096518,checking,3668.90,XAU,2017-05-08 18:32:02,2021-02-27 08:35:10,24
100095,100095,ACCT62482407,savings,6358.85,WST,2012-05-16 16:47:21,2024-07-30 09:19:55,9
100096,100096,ACCT55237279,savings,5073.39,XOF,2025-04-09 09:17:55,2014-02-26 09:51:04,37
100097,100097,ACCT10275898,checking,8643.85,TWD,2015-08-15 04:46:52,2025-04-29 20:11:06,42
100098,100098,ACCT11688504,credit,8296.39,MNT,2002-05-28 18:01:52,2017-03-26 06:01:26,125
100099,100099,ACCT58463783,savings,4014.06,CVE,2019-11-13 09:28:30,2015-06-28 03:48:29,114
100100,100100,ACCT33954029,savings,2226.90,INR,2016-06-01 01:02:38,2001-02-15 07:59:07,34
100101,100101,ACCT51324690,checking,6539.03,AZN,2016-01-26 03:49:40,2001-12-25 23:56:48,80
100102,100102,ACCT17201333,checking,6953.31,UAH,2008-04-03 09:13:04,2011-04-16 03:18:59,41
100103,100103,ACCT28891026,credit,4837.24,VUV,2007-12-06 01:32:02,2015-05-21 07:11:23,21
100104,100104,ACCT74320353,credit,365.17,CRC,2013-02-21 13:08:41,2015-06-17 12:44:00,35
100105,100105,ACCT50793152,credit,932.15,BWP,2024-07-16 19:25:52,2009-01-22 17:08:30,22
100106,100106,ACCT78301787,savings,8748.01,ZAR,2016-08-27 03:57:10,2018-04-06 20:01:29,37
100107,100107,ACCT85205591,savings,1846.08,BHD,2000-08-17 02:47:02,2004-08-22 12:56:00,105
100108,100108,ACCT45168326,checking,358.00,ETB,2013-06-05 03:35:47,2003-04-07 01:00:46,38
100109,100109,ACCT73252205,checking,642.26,HNL,2014-05-22 00:55:34,2023-02-03 01:48:58,97
100110,100110,ACCT94202996,checking,8848.17,PGK,2001-11-16 21:07:38,2015-04-24 14:56:01,60
100111,100111,ACCT77954801,checking,7880.39,KRW,2002-09-24 16:24:12,2000-08-06 07:24:02,20
100112,100112,ACCT13204042,credit,7570.25,UGX,2002-04-22 12:45:00,2006-07-18 07:00:17,74
100113,100113,ACCT06417630,credit,3643.00,IQD,2001-03-03 17:52:52,2022-04-17 03:34:12,40
100114,100114,ACCT57868979,credit,2578.60,SZL,2008-01-22 09:19:43,2009-10-26 14:19:41,43
100115,100115,ACCT44843649,savings,248.13,PAB,2003-05-05 13:27:48,2018-02-01 20:04:12,123
100116,100116,ACCT34937571,credit,4936.35,KPW,2004-02-05 11:39:45,2021-01-13 14:15:11,16
100117,100117,ACCT32596751,savings,3366.82,DJF,2003-12-24 19:18:59,2014-12-09 02:59:45,112
100118,100118,ACCT57809757,savings,2163.84,GIP,2023-07-12 08:13:29,2001-04-11 09:32:05,126
100119,100119,ACCT62877638,credit,7192.66,AUD,2018-11-23 14:50:06,2021-02-01 23:47:03,87
100120,100120,ACCT25762828,credit,4830.68,XOF,2002-06-11 08:41:41,2024-12-10 04:22:40,80
100121,100121,ACCT21758650,checking,7584.31,LBP,2007-10-11 16:56:09,2012-06-29 22:46:04,68
100122,100122,ACCT52722296,savings,4642.51,AED,2022-08-31 23:54:50,2010-07-29 02:30:27,30
100123,100123,ACCT74604763,checking,7350.43,MXN,2012-04-23 05:22:56,2011-05-07 13:28:31,0
100124,100124,ACCT55988330,savings,1672.73,UAH,2013-11-25 05:31:23,2010-02-27 10:23:58,58
100125,100125,ACCT13329279,savings,9103.51,GHS,2023-10-21 01:47:20,2024-02-27 13:26:30,1
100126,100126,ACCT35931062,credit,6875.31,ZMK,2012-09-04 19:11:51,2018-03-16 07:14:57,73
100127,100127,ACCT02885469,savings,9126.02,CZK,2020-12-04 23:59:15,2018-06-05 08:10:36,37
100128,100128,ACCT99911094,credit,6443.12,HKD,2008-10-18 15:06:19,2012-08-05 11:20:11,98
100129,100129,ACCT95830053,checking,9117.04,ILS,2013-07-23 04:15:11,2007-04-26 15:42:04,24
100130,100130,ACCT19269843,credit,4510.94,KRW,2011-06-03 01:47:01,2005-09-03 19:37:12,88
100131,100131,ACCT69556135,savings,446.65,GTQ,2003-09-28 03:54:24,2003-12-25 04:12:58,94
100132,100132,ACCT02168916,checking,9103.67,SRD,2004-12-18 08:30:49,2003-02-03 00:34:56,19
100133,100133,ACCT43864551,checking,765.13,XPD,2004-11-28 08:01:47,2004-08-22 04:42:40,68
100134,100134,ACCT63432173,checking,4023.05,IRR,2022-11-02 04:56:44,2009-10-10 01:29:15,1
100135,100135,ACCT41477418,savings,8508.26,OMR,2019-07-22 20:08:14,2002-03-17 13:38:58,105
100136,100136,ACCT06753300,credit,4290.87,USD,2016-02-05 12:52:55,2014-01-19 13:10:08,3
100137,100137,ACCT89299800,credit,3751.04,MMK,2013-08-23 21:29:29,2018-05-13 08:20:18,43
100138,100138,ACCT84136979,credit,3966.68,FKP,2014-07-21 16:43:19,2022-06-27 09:38:10,96
100139,100139,ACCT26776689,checking,2387.97,ARS,2008-03-23 17:11:13,2015-10-01 08:29:36,67
100140,100140,ACCT88581664,savings,6657.72,PHP,2023-09-11 23:28:12,2022-08-21 08:37:27,74
100141,100141,ACCT44446028,credit,2008.22,BZD,2020-01-29 10:55:08,2011-06-17 00:11:38,105
100142,100142,ACCT78049644,checking,6038.19,NOK,2022-12-17 03:25:15,2018-03-31 17:51:41,46
100143,100143,ACCT92450062,checking,7477.02,KMF,2013-06-24 03:15:41,2008-05-10 06:48:19,8
100144,100144,ACCT25309934,savings,5589.37,ANG,2009-08-27 09:18:13,2015-08-18 21:43:18,53
100145,100145,ACCT63164549,savings,8451.08,CRC,2013-01-23 11:39:09,2002-07-30 08:01:20,53
100146,100146,ACCT65813186,savings,4989.72,BRL,2013-04-28 13:16:32,2017-02-20 10:59:45,71
100147,100147,ACCT34801547,credit,958.02,XBD,2012-10-16 00:55:43,2019-02-07 23:45:51,32
100148,100148,ACCT13133035,savings,7983.45,BDT,2006-02-10 18:44:02,2022-03-28 13:47:22,112
100149,100149,ACCT15096019,savings,5602.43,CRC,2024-09-10 02:59:20,2022-08-03 02:32:59,1
100150,100150,ACCT20075070,credit,987.54,MUR,2015-01-22 13:08:41,2009-04-06 11:30:05,90
100151,100151,ACCT00433499,savings,5204.10,MKD,2021-06-27 08:55:16,2003-10-22 03:56:02,97
100152,100152,ACCT74877030,checking,919.14,PKR,2020-03-21 13:10:36,2008-10-16 10:43:15,41
100153,100153,ACCT78237331,savings,2989.60,KGS,2005-01-21 20:50:00,2011-07-12 01:21:31,15
100154,100154,ACCT31796678,savings,4625.87,GTQ,2019-08-19 01:24:26,2016-09-30 20:45:21,75
100155,100155,ACCT47890037,savings,2831.03,IDR,2016-11-03 04:00:06,2014-02-17 02:38:42,75
100156,100156,ACCT06796600,savings,2614.59,GTQ,2022-12-04 06:05:24,2021-03-27 00:23:48,67
100157,100157,ACCT34811470,checking,8122.22,KYD,2006-04-07 16:43:24,2022-02-24 13:06:19,5
100158,100158,ACCT62997790,credit,1378.37,LVL,2002-11-12 14:13:43,2006-10-26 09:14:20,18
100159,100159,ACCT31648898,credit,1954.66,JOD,2005-02-21 04:08:07,2013-04-04 08:57:23,102
100160,100160,ACCT99759091,savings,2515.87,IDR,2024-07-07 12:40:44,2011-12-28 18:21:33,58
100161,100161,ACCT18173529,savings,2818.84,GEL,2023-01-17 07:27:07,2003-03-11 23:46:33,83
100162,100162,ACCT31163507,savings,6006.07,LYD,2015-01-01 01:30:16,2015-09-07 08:53:10,62
100163,100163,ACCT80277676,savings,8009.22,SYP,2023-12-12 10:42:26,2008-06-25 14:59:32,107
100164,100164,ACCT18724843,savings,1793.82,TWD,2008-11-30 06:17:35,2022-09-26 09:52:25,96
100165,100165,ACCT66590341,checking,9839.12,ANG,2014-09-09 14:07:51,2018-05-02 19:50:09,10
100166,100166,ACCT63307504,credit,963.77,THB,2014-10-11 00:10:17,2009-02-25 14:55:05,68
100167,100167,ACCT73349316,checking,4742.53,CLP,2011-10-05 17:22:52,2012-11-12 12:27:53,70
100168,100168,ACCT80370372,credit,2584.01,MAD,2010-11-05 20:21:45,2012-07-21 11:22:00,73
100169,100169,ACCT71996233,checking,2260.15,DJF,2009-11-07 02:49:08,2021-06-21 00:52:29,20
100170,100170,ACCT39705501,credit,5930.74,KPW,2008-11-05 04:26:55,2016-12-07 12:40:56,52
100171,100171,ACCT13983081,checking,462.21,MWK,2001-12-23 01:16:01,2019-10-23 00:34:49,23
100172,100172,ACCT13670229,savings,5726.17,LVL,2007-10-22 19:32:17,2019-09-04 17:15:18,70
100173,100173,ACCT90624594,savings,5205.84,SGD,2014-02-03 20:44:54,2024-05-20 17:51:33,75
100174,100174,ACCT02548887,credit,7258.12,XPT,2025-07-08 03:10:31,2004-05-14 20:12:13,107
100175,100175,ACCT31611638,checking,1737.05,FKP,2018-10-03 16:21:40,2010-06-23 03:44:29,11
100176,100176,ACCT22905684,credit,6689.54,MNT,2016-06-27 05:37:59,2011-06-02 21:01:00,108
100177,100177,ACCT08492516,savings,445.39,HRK,2008-06-22 01:23:36,2022-01-28 02:10:17,21
100178,100178,ACCT65489449,savings,6152.36,DKK,2020-07-27 22:08:55,2025-01-03 15:34:21,4
100179,100179,ACCT53259561,credit,7932.53,BZD,2002-11-19 21:27:12,2009-08-15 10:36:13,105
100180,100180,ACCT10149675,savings,421.23,HNL,2016-07-12 08:13:14,2023-05-20 20:20:19,5
100181,100181,ACCT12864867,credit,9585.34,ETB,2016-10-19 16:16:15,2024-06-22 07:44:54,87
100182,100182,ACCT88394467,credit,7096.90,BND,2008-09-26 10:03:13,2007-10-09 16:16:57,114
100183,100183,ACCT75876884,credit,4323.06,BGN,2006-02-10 01:07:51,2004-04-13 22:49:47,79
100184,100184,ACCT37222312,credit,8490.48,AUD,2010-07-22 17:18:28,2013-09-02 02:09:12,103
100185,100185,ACCT05103227,savings,6636.39,USD,2020-05-17 22:10:29,2005-07-29 13:59:53,111
100186,100186,ACCT83893214,checking,2884.50,BYR,2009-03-02 15:16:25,2006-11-12 00:49:21,123
100187,100187,ACCT69019516,savings,2710.76,KRW,2011-06-23 11:22:39,2008-05-11 07:35:48,125
100188,100188,ACCT85484181,credit,5434.03,PEN,2018-07-06 17:37:26,2024-12-17 11:46:06,93
100189,100189,ACCT62444162,checking,8276.36,PAB,2010-04-15 13:14:40,2013-08-30 11:42:23,89
100190,100190,ACCT58639158,savings,8814.63,XAG,2022-08-21 22:59:33,2008-03-03 19:38:16,100
100191,100191,ACCT62657688,checking,1601.77,SCR,2024-03-23 04:34:01,2002-08-22 07:21:37,94
100192,100192,ACCT77463904,savings,6186.15,INR,2013-04-04 04:54:52,2002-11-10 18:43:32,95
100193,100193,ACCT46996571,checking,7342.74,UZS,2014-09-10 08:23:01,2002-06-01 14:33:20,59
100194,100194,ACCT49322663,savings,1275.39,CVE,2004-02-26 01:41:08,2023-02-19 01:17:01,40
100195,100195,ACCT46414771,checking,1453.33,LRD,2019-06-23 06:48:46,2020-05-11 04:17:29,37
100196,100196,ACCT16858965,credit,7194.69,HTG,2012-06-11 13:22:32,2012-04-29 16:37:29,67
100197,100197,ACCT76849930,credit,587.24,VEF,2002-11-21 03:23:47,2009-08-02 11:29:52,102
100198,100198,ACCT06874572,credit,6287.54,ALL,2023-08-20 16:11:18,2023-06-03 18:36:20,13
100199,100199,ACCT41141061,checking,7878.06,XTS,2021-07-17 05:14:42,2002-06-28 05:49:27,30
100200,100200,ACCT05252230,savings,7945.25,CDF,2007-04-05 10:33:09,2011-08-22 07:02:10,75
100201,100201,ACCT87786862,savings,6794.96,PAB,2001-08-09 07:10:00,2011-11-27 14:44:35,100
100202,100202,ACCT33271548,checking,3773.74,ZAR,2014-09-13 22:33:13,2017-06-21 20:10:27,8
100203,100203,ACCT79283370,checking,9266.76,UGX,2010-08-17 02:34:15,2020-01-07 17:19:00,39
100204,100204,ACCT44178836,credit,7647.76,BSD,2009-06-11 05:33:34,2024-04-06 13:27:49,96
100205,100205,ACCT30295637,credit,8573.04,PHP,2017-07-08 03:41:23,2016-12-10 22:25:41,56
100206,100206,ACCT14617975,checking,5916.91,EGP,2016-11-01 08:08:47,2001-03-15 23:12:59,72
100207,100207,ACCT88001366,credit,3837.62,RUB,2011-08-10 16:23:39,2011-08-24 01:00:41,25
100208,100208,ACCT43037154,savings,1057.47,NGN,2016-04-07 00:05:11,2016-09-22 12:39:20,62
100209,100209,ACCT39937831,savings,6687.58,ILS,2017-01-26 02:27:03,2001-03-20 10:11:57,111
100210,100210,ACCT13881557,credit,6526.58,ETB,2014-02-20 16:59:32,2003-06-09 01:52:46,81
100211,100211,ACCT08425281,credit,404.04,BMD,2008-11-17 11:57:30,2004-07-13 22:11:26,124
100212,100212,ACCT53959651,savings,4927.42,PAB,2002-05-22 16:12:45,2006-09-24 07:13:19,5
100213,100213,ACCT14681498,credit,9214.62,KWD,2021-02-05 12:39:54,2007-06-13 08:46:32,1
100214,100214,ACCT79110738,checking,6646.28,INR,2021-03-26 14:37:25,2010-02-17 12:07:29,14
100215,100215,ACCT75340120,checking,4757.01,BWP,2018-03-15 05:29:16,2019-10-31 17:40:53,70
100216,100216,ACCT50086425,credit,7394.29,SBD,2006-03-05 18:27:50,2004-10-10 09:49:13,113
100217,100217,ACCT23923636,credit,2796.38,NGN,2025-08-24 09:53:23,2004-06-27 02:05:24,64
100218,100218,ACCT19656280,savings,1504.54,RWF,2005-06-01 02:50:00,2014-07-07 23:04:29,33
100219,100219,ACCT20343531,savings,5051.87,TWD,2006-08-23 21:02:02,2011-02-26 17:51:59,2
100220,100220,ACCT72527035,savings,8823.98,AMD,2009-10-02 02:24:20,2023-09-10 21:04:08,14
100221,100221,ACCT50268430,credit,9789.21,ARS,2001-05-14 13:13:07,2016-03-07 14:17:56,13
100222,100222,ACCT15220867,savings,2190.55,BND,2004-01-24 14:23:11,2005-03-23 03:24:44,92
100223,100223,ACCT84772854,checking,2474.18,MGA,2005-08-07 23:00:57,2011-07-08 20:03:03,26
100224,100224,ACCT38059768,savings,2627.01,RWF,2024-10-03 04:57:17,2007-01-11 03:48:35,115
100225,100225,ACCT77296466,credit,4218.21,TJS,2000-08-26 18:35:13,2014-12-10 09:49:05,33
100226,100226,ACCT64104427,savings,8167.23,GTQ,2007-02-14 16:51:59,2023-11-03 05:48:35,96
100227,100227,ACCT40995537,savings,9281.40,KZT,2006-05-01 14:51:46,2002-11-03 12:52:21,80
100228,100228,ACCT52162141,checking,4506.12,RUB,2008-04-21 13:39:24,2015-03-31 10:10:16,77
100229,100229,ACCT42046681,savings,1265.16,LBP,2023-09-02 16:29:27,2003-11-13 22:40:53,43
100230,100230,ACCT26114403,checking,3943.25,SGD,2008-07-19 13:34:57,2016-11-08 15:08:48,75
100231,100231,ACCT79964907,savings,6803.48,IRR,2003-11-27 05:25:25,2008-12-26 16:58:26,11
100232,100232,ACCT23265986,savings,8972.51,LRD,2017-05-12 23:28:08,2009-08-26 11:43:20,113
100233,100233,ACCT65446939,checking,8084.44,ISK,2019-06-26 14:53:53,2024-12-22 22:42:55,85
100234,100234,ACCT51870051,savings,8994.38,SBD,2023-06-23 09:08:33,2003-05-07 20:47:09,63
100235,100235,ACCT32641370,credit,4084.92,UGX,2014-01-25 18:49:10,2023-09-08 21:19:58,20
100236,100236,ACCT84941840,credit,8127.94,BIF,2021-01-12 10:07:44,2022-07-15 22:05:40,45
100237,100237,ACCT11271305,savings,3310.62,BHD,2007-05-31 02:53:45,2010-03-16 08:25:12,77
100238,100238,ACCT17222391,savings,5160.22,XBA,2019-11-10 14:07:53,2017-02-14 20:13:58,35
100239,100239,ACCT49062224,savings,1843.57,AUD,2020-07-20 10:21:55,2009-01-16 05:24:42,60
100240,100240,ACCT32773897,checking,5080.50,AZN,2008-09-30 10:00:10,2005-08-11 11:54:27,124
100241,100241,ACCT76445010,checking,9633.36,FKP,2000-09-07 04:59:23,2021-03-29 01:40:19,119
100242,100242,ACCT97983391,checking,8961.92,ALL,2006-04-25 02:11:31,2014-01-13 16:37:44,98
100243,100243,ACCT63155599,checking,2994.42,FKP,2003-01-14 00:22:36,2006-02-21 00:36:16,16
100244,100244,ACCT82845047,checking,1857.12,GIP,2018-08-29 08:42:29,2020-01-29 23:42:58,55
100245,100245,ACCT97755552,savings,512.56,IRR,2019-12-04 23:46:38,2020-12-12 16:25:53,78
100246,100246,ACCT53278842,credit,4904.70,SDG,2005-06-17 04:50:07,2008-06-27 17:56:38,108
100247,100247,ACCT67049480,credit,6098.41,TZS,2007-03-20 07:32:19,2012-12-09 01:21:45,19
100248,100248,ACCT03025007,checking,2092.39,STD,2001-08-25 10:45:49,2024-05-09 01:59:00,64
100249,100249,ACCT61539271,credit,6763.22,LYD,2002-07-28 02:27:24,2022-07-23 11:40:58,56
100250,100250,ACCT07595529,credit,5483.35,TTD,2000-10-24 05:52:47,2001-10-14 06:05:48,40
100251,100251,ACCT89839459,credit,1446.57,ISK,2014-06-19 01:02:49,2008-10-24 05:04:45,23
100252,100252,ACCT03938732,credit,9575.08,GBP,2024-02-23 12:46:38,2015-08-16 04:27:33,82
100253,100253,ACCT09200203,credit,2877.98,BRL,2004-08-10 09:31:52,2006-01-21 01:14:36,80
100254,100254,ACCT55990764,credit,1215.28,ILS,2004-02-18 17:33:11,2023-10-29 07:24:35,58
100255,100255,ACCT38855145,savings,8031.06,TJS,2010-05-06 14:55:47,2012-11-04 21:25:56,108
100256,100256,ACCT18419156,checking,7582.13,MWK,2023-08-30 23:04:28,2004-09-11 03:46:51,94
100257,100257,ACCT24637181,credit,2770.54,FKP,2014-01-04 07:57:51,2020-09-09 05:54:26,97
100258,100258,ACCT59947699,credit,2554.88,LYD,2023-06-08 02:06:36,2005-08-30 19:10:13,25
100259,100259,ACCT00430446,checking,6162.60,JMD,2006-04-22 04:38:21,2019-10-22 21:11:01,27
100260,100260,ACCT72781379,checking,1070.09,SEK,2019-11-16 08:54:02,2003-08-16 18:58:57,22
100261,100261,ACCT93616813,savings,3363.17,EEK,2016-04-24 13:23:20,2011-12-31 21:57:44,110
100262,100262,ACCT13251122,savings,2216.01,ILS,2009-12-09 00:13:49,2004-10-30 16:33:54,30
100263,100263,ACCT32822128,checking,3523.76,CUP,2017-08-21 20:22:00,2008-01-15 22:53:14,68
100264,100264,ACCT19028925,credit,8917.56,SLL,2012-10-04 16:21:02,2020-10-03 00:49:50,30
100265,100265,ACCT52869131,checking,4889.13,TMT,2002-12-20 11:40:27,2023-11-06 16:03:30,7
100266,100266,ACCT33501701,credit,6543.22,NZD,2008-03-04 00:06:38,2007-12-31 11:18:00,64
100267,100267,ACCT16356245,credit,9726.31,EUR,2011-11-25 12:16:31,2005-08-13 20:18:39,109
100268,100268,ACCT64259236,savings,5769.12,SHP,2015-06-23 00:38:00,2011-06-12 23:46:24,86
100269,100269,ACCT87033720,credit,6180.52,KRW,2016-11-24 10:00:58,2019-01-21 22:34:53,47
100270,100270,ACCT98393729,checking,3726.24,VND,2006-06-27 02:53:21,2009-07-15 09:34:17,17
100271,100271,ACCT35005932,savings,773.52,HKD,2024-07-11 03:36:28,2025-05-28 03:22:54,66
100272,100272,ACCT09899615,checking,6474.47,SEK,2005-07-09 09:21:33,2011-09-18 07:23:14,95
100273,100273,ACCT57436658,savings,6.50,NOK,2015-10-14 07:43:18,2005-06-04 12:55:16,91
100274,100274,ACCT65116938,checking,3954.99,GNF,2002-10-18 05:26:34,2024-08-06 18:12:17,99
100275,100275,ACCT09188115,savings,7998.76,ALL,2017-09-25 06:25:26,2006-10-21 02:55:24,21
100276,100276,ACCT92905267,credit,62.95,PAB,2023-08-05 15:29:09,2005-10-18 22:36:32,109
100277,100277,ACCT42244446,checking,5509.30,LKR,2012-08-13 01:34:28,2013-10-30 03:04:08,51
100278,100278,ACCT34322651,credit,3235.57,JOD,2007-05-18 12:06:18,2008-07-27 16:51:37,116
100279,100279,ACCT88365292,savings,3498.98,CZK,2005-06-17 18:25:47,2006-09-13 19:41:12,51
100280,100280,ACCT79183934,savings,630.85,DJF,2017-04-19 07:59:05,2011-10-09 07:47:10,101
100281,100281,ACCT37652350,savings,5083.41,CRC,2002-04-19 04:34:33,2015-01-14 01:02:52,117
100282,100282,ACCT56465379,savings,9597.74,LAK,2021-06-02 06:08:51,2014-04-12 14:03:08,94
100283,100283,ACCT06640482,checking,4986.52,XPT,2006-03-30 13:23:50,2012-03-14 22:44:54,46
100284,100284,ACCT82554985,credit,432.07,SGD,2001-03-09 14:24:17,2009-10-26 09:04:52,107
100285,100285,ACCT85102064,checking,6232.18,GMD,2022-03-27 14:55:15,2011-04-22 19:46:37,2
100286,100286,ACCT98916334,savings,3972.66,SDG,2019-04-27 17:43:16,2012-05-29 00:31:46,69
100287,100287,ACCT89181130,checking,8753.58,STD,2006-02-07 06:35:38,2013-08-09 09:09:27,94
100288,100288,ACCT01827293,credit,5500.88,KHR,2016-02-21 10:31:32,2012-03-17 22:33:58,77
100289,100289,ACCT33582052,savings,3564.51,LYD,2010-12-06 06:19:56,2014-12-19 16:18:46,112
100290,100290,ACCT07048814,checking,8259.58,STD,2020-04-29 03:45:27,2008-01-14 02:29:05,64
100291,100291,ACCT67622703,credit,7035.29,STD,2017-11-25 22:49:17,2001-01-12 07:59:13,24
100292,100292,ACCT72806508,credit,9219.94,AOA,2023-11-26 04:17:36,2022-01-16 18:10:49,109
100293,100293,ACCT78178615,checking,8661.49,VUV,2013-10-02 05:24:29,2001-05-15 13:15:48,5
100294,100294,ACCT14494061,credit,1904.75,YER,2007-10-16 11:18:44,2012-11-17 18:30:09,48
100295,100295,ACCT45942508,checking,717.14,XDR,2011-11-28 08:35:09,2022-09-22 03:15:18,51
100296,100296,ACCT73230715,savings,4543.75,WST,2023-06-20 14:48:05,2015-05-28 04:27:34,13
100297,100297,ACCT86714250,checking,5350.86,QAR,2003-03-19 23:43:41,2005-11-08 14:12:03,120
100298,100298,ACCT55666461,credit,9097.74,KWD,2020-06-26 10:19:11,2022-03-05 14:31:30,73
100299,100299,ACCT39182448,checking,270.05,TRY,2011-06-05 10:43:20,2009-07-05 21:22:25,80
100300,100300,ACCT70889728,savings,4341.92,ISK,2005-05-15 08:42:03,2015-06-23 22:09:01,102
100301,100301,ACCT80180628,credit,9637.03,PYG,2004-03-30 02:06:27,2009-10-14 21:44:25,1
100302,100302,ACCT93059481,credit,8734.13,BIF,2010-10-30 21:19:24,2002-01-03 09:27:13,35
100303,100303,ACCT25301838,credit,1072.04,HRK,2001-02-17 13:53:48,2010-10-18 15:09:23,96
100304,100304,ACCT48979233,credit,60.13,XBB,2019-12-18 04:00:27,2016-08-22 00:14:32,38
100305,100305,ACCT73987725,savings,3012.84,XBC,2023-03-06 23:16:02,2018-01-04 12:15:36,7
100306,100306,ACCT13259031,savings,9001.65,LYD,2021-04-20 14:07:48,2000-09-23 08:19:05,102
100307,100307,ACCT72237148,credit,8444.58,HRK,2021-05-28 15:07:16,2006-08-03 19:38:25,93
100308,100308,ACCT94215675,checking,8863.25,XBC,2000-09-30 18:04:46,2003-06-23 20:07:02,78
100309,100309,ACCT38017217,savings,2339.85,JPY,2001-11-17 06:31:22,2005-08-12 14:53:10,93
100310,100310,ACCT47962343,checking,8878.98,MKD,2007-06-24 02:57:55,2006-10-25 17:25:27,44
100311,100311,ACCT96506363,checking,1165.32,DKK,2009-06-16 09:06:12,2005-02-15 01:50:11,16
100312,100312,ACCT22973996,checking,4780.86,KGS,2019-11-24 14:24:10,2002-02-01 06:41:05,106
100313,100313,ACCT67634914,checking,5459.43,SDG,2004-04-05 22:41:08,2015-05-07 01:55:44,68
100314,100314,ACCT93080685,credit,2522.58,INR,2018-10-16 04:51:02,2019-05-13 13:10:33,20
100315,100315,ACCT18314402,credit,4289.01,AUD,2010-02-05 01:34:31,2012-09-16 10:42:27,120
100316,100316,ACCT21800409,checking,5301.69,KES,2023-01-05 12:22:41,2015-08-10 23:26:48,124
100317,100317,ACCT08665760,credit,5470.69,BSD,2004-08-25 19:30:22,2025-06-26 02:20:35,116
100318,100318,ACCT31797283,credit,5667.24,TOP,2003-02-09 04:34:21,2023-11-08 05:44:31,47
100319,100319,ACCT76987478,checking,6551.62,NGN,2009-04-22 09:08:07,2014-05-26 10:14:54,34
100320,100320,ACCT77994093,savings,8971.05,HNL,2019-06-10 11:31:45,2018-03-17 15:14:35,47
100321,100321,ACCT34723545,savings,7573.94,TWD,2025-03-16 15:04:29,2024-06-25 07:55:33,22
100322,100322,ACCT71111215,checking,4606.48,PHP,2019-04-11 21:56:54,2023-05-08 17:56:44,98
100323,100323,ACCT83009413,credit,8931.52,AWG,2024-04-24 20:58:53,2024-09-29 23:17:09,58
100324,100324,ACCT44689611,savings,7074.10,ANG,2006-04-21 22:45:52,2005-11-08 22:03:17,90
100325,100325,ACCT61364868,credit,1256.07,PYG,2001-07-28 04:43:41,2022-07-11 21:41:26,80
100326,100326,ACCT81669766,credit,7480.20,IQD,2020-07-24 15:52:58,2019-05-06 03:09:41,14
100327,100327,ACCT64465934,checking,5437.20,BYR,2013-05-11 19:59:31,2020-07-05 20:00:56,113
100328,100328,ACCT16787307,checking,5232.18,MOP,2012-06-29 15:49:00,2003-08-30 18:36:48,88
100329,100329,ACCT00871528,credit,7344.65,ZMK,2012-08-12 00:57:54,2024-09-15 00:48:46,124
100330,100330,ACCT18554764,credit,5072.71,TOP,2002-07-30 21:11:39,2017-05-01 12:54:45,72
100331,100331,ACCT68395020,savings,7874.32,TMT,2018-06-30 22:21:36,2015-02-21 07:13:48,54
100332,100332,ACCT56681151,credit,35.69,MZN,2003-08-27 06:47:16,2001-08-07 08:48:39,10
100333,100333,ACCT81936783,savings,4093.06,GYD,2015-04-16 03:44:07,2019-02-20 08:03:24,4
100334,100334,ACCT35004286,checking,5240.07,AOA,2006-12-30 03:56:39,2005-11-05 11:25:59,101
100335,100335,ACCT78090587,credit,4492.27,CRC,2005-07-10 12:18:23,2001-03-14 15:23:29,6
100336,100336,ACCT84438402,credit,4625.70,BSD,2006-07-04 21:07:54,2018-04-22 11:59:44,19
100337,100337,ACCT50343035,credit,1182.99,NPR,2022-05-15 08:53:54,2002-07-20 08:27:01,70
100338,100338,ACCT19888816,savings,7616.91,QAR,2020-03-09 01:05:46,2021-01-28 07:49:02,88
100339,100339,ACCT68227373,savings,2617.98,ETB,2007-03-29 00:05:32,2009-03-13 03:41:31,41
100340,100340,ACCT31101697,credit,6564.40,CRC,2002-10-06 23:39:26,2018-10-12 18:18:45,7
100341,100341,ACCT85084764,savings,887.22,XFU,2010-06-25 15:23:47,2020-01-31 07:11:23,40
100342,100342,ACCT47887632,credit,3497.44,TJS,2004-05-10 21:19:08,2017-09-07 00:19:49,91
100343,100343,ACCT12042386,credit,2766.42,DJF,2008-08-28 07:20:51,2001-12-04 03:06:33,89
100344,100344,ACCT15392630,credit,8645.47,EEK,2007-02-14 13:17:08,2003-09-23 11:41:50,117
100345,100345,ACCT46920694,savings,5071.80,KRW,2009-04-20 19:53:37,2000-08-15 22:48:33,87
100346,100346,ACCT72445615,credit,322.63,VND,2014-08-06 04:53:58,2010-09-10 13:53:55,123
100347,100347,ACCT41154194,savings,2794.61,CRC,2005-12-02 01:58:17,2021-10-20 03:42:57,119
100348,100348,ACCT49804640,checking,7373.68,BAM,2011-11-13 16:24:32,2015-06-02 10:05:47,103
100349,100349,ACCT90268448,credit,2347.73,BZD,2005-01-09 17:57:56,2019-07-18 09:11:05,126
100350,100350,ACCT78411000,savings,954.64,USD,2018-01-01 13:13:10,2022-05-02 17:15:27,85
100351,100351,ACCT77005678,savings,9708.70,GHS,2017-05-08 20:46:56,2004-05-15 10:02:28,42
100352,100352,ACCT18527399,checking,7092.45,SGD,2024-08-15 19:32:24,2015-02-18 05:06:46,111
100353,100353,ACCT97069620,checking,5879.00,HKD,2024-07-18 11:13:43,2005-04-06 08:59:45,117
100354,100354,ACCT62538421,savings,6861.80,RUB,2013-03-09 00:20:34,2020-12-27 00:28:05,124
100355,100355,ACCT27961045,savings,6926.07,TWD,2022-03-31 23:06:31,2010-07-15 06:23:22,62
100356,100356,ACCT86132109,credit,8500.89,DJF,2013-10-26 11:57:54,2021-05-07 16:59:29,101
100357,100357,ACCT83136978,checking,505.49,CNY,2023-11-18 12:15:47,2021-07-02 20:43:06,95
100358,100358,ACCT27295452,checking,7205.32,ISK,2020-04-04 22:44:22,2012-09-04 07:13:24,43
100359,100359,ACCT98210146,credit,1743.84,AMD,2020-05-15 16:56:07,2018-11-25 06:55:02,97
100360,100360,ACCT93575868,credit,7687.01,BDT,2018-07-03 17:11:52,2003-10-11 09:53:45,56
100361,100361,ACCT39262512,checking,7252.28,TMT,2003-07-02 20:53:19,2013-02-15 01:18:06,45
100362,100362,ACCT28589877,savings,1247.87,HTG,2021-09-28 22:41:11,2004-05-12 00:30:22,70
100363,100363,ACCT68253885,checking,6661.86,SBD,2004-01-28 20:10:14,2016-09-04 00:23:34,92
100364,100364,ACCT17343521,credit,1422.02,AMD,2010-07-08 00:05:38,2023-10-20 19:15:06,15
100365,100365,ACCT56153178,checking,6709.68,BBD,2020-10-08 12:17:30,2018-02-10 16:49:43,110
100366,100366,ACCT21831781,savings,6043.29,KZT,2024-04-03 21:37:14,2003-05-11 19:57:14,105
100367,100367,ACCT18476705,credit,8634.47,PLN,2002-09-09 20:51:00,2015-07-10 00:20:05,20
100368,100368,ACCT64934175,credit,2740.24,AUD,2004-02-19 05:32:33,2018-05-06 21:47:54,54
100369,100369,ACCT87521849,checking,5181.44,SAR,2010-01-23 18:52:15,2015-03-05 08:43:35,93
100370,100370,ACCT17901096,checking,8354.49,TZS,2005-02-13 17:29:17,2005-07-23 22:20:18,4
100371,100371,ACCT76848792,savings,4326.66,INR,2017-11-27 15:21:01,2005-03-12 00:38:12,15
100372,100372,ACCT29192582,credit,106.60,MUR,2007-12-31 08:43:25,2004-04-16 16:57:44,33
100373,100373,ACCT03022390,savings,8141.00,EGP,2012-05-11 05:45:52,2012-09-30 00:01:03,54
100374,100374,ACCT71837085,checking,7680.48,ZWL,2019-03-28 11:09:34,2008-05-14 15:17:15,115
100375,100375,ACCT73117681,savings,829.70,QAR,2024-08-14 23:57:04,2023-02-13 12:50:07,35
100376,100376,ACCT43590552,checking,500.64,BMD,2024-03-03 20:43:55,2021-06-21 10:21:59,85
100377,100377,ACCT84664849,credit,5834.56,GEL,2010-12-18 18:12:07,2009-06-04 01:07:02,1
100378,100378,ACCT38040696,savings,7484.68,KGS,2014-07-13 02:44:04,2012-09-01 16:05:31,34
100379,100379,ACCT80068560,credit,2104.08,NOK,2015-08-11 02:48:00,2001-10-06 05:37:20,49
100380,100380,ACCT28536101,credit,5976.07,HRK,2009-01-04 22:09:36,2001-11-21 18:05:39,3
100381,100381,ACCT83203136,savings,8876.93,HNL,2023-12-15 21:02:39,2012-09-16 08:53:51,49
100382,100382,ACCT24318925,credit,5207.15,KHR,2020-01-03 12:15:06,2013-08-02 05:02:23,30
100383,100383,ACCT64994621,savings,5051.31,MNT,2002-11-12 12:09:15,2005-11-14 06:22:01,28
100384,100384,ACCT93908187,credit,7204.58,MXN,2017-04-26 06:26:49,2003-01-28 03:19:33,39
100385,100385,ACCT42315149,checking,3689.55,ARS,2017-07-26 16:00:44,2011-09-03 03:57:40,102
100386,100386,ACCT58282046,savings,7348.02,IRR,2018-01-22 07:12:50,2007-06-29 08:10:22,87
100387,100387,ACCT47653375,savings,643.50,MDL,2010-06-08 23:38:45,2012-01-19 15:40:48,57
100388,100388,ACCT90193189,checking,1153.29,BIF,2009-01-31 08:31:23,2013-03-11 20:10:58,14
100389,100389,ACCT09695794,checking,1874.69,VUV,2011-06-26 12:31:03,2015-06-12 18:02:40,15
100390,100390,ACCT36826952,savings,6746.58,XBA,2007-05-24 19:36:55,2024-02-29 00:20:34,114
100391,100391,ACCT55294522,credit,9572.17,TWD,2015-07-22 07:56:51,2016-06-09 08:52:50,97
100392,100392,ACCT18027331,checking,2413.28,UAH,2012-08-02 01:46:22,2009-06-09 09:09:45,1
100393,100393,ACCT52776718,checking,3299.20,KMF,2018-01-07 06:29:06,2021-08-18 01:04:51,1
100394,100394,ACCT68461063,credit,8691.51,SAR,2019-12-07 18:16:25,2022-06-13 00:58:51,6
100395,100395,ACCT87572816,credit,235.75,NZD,2015-10-11 16:40:29,2015-04-28 14:13:23,122
100396,100396,ACCT80016776,credit,8053.03,TND,2018-12-31 18:04:36,2025-06-17 03:38:17,119
100397,100397,ACCT34725717,savings,55.28,XPF,2009-01-18 12:51:11,2021-04-18 21:28:29,92
100398,100398,ACCT28144588,credit,1479.27,DKK,2024-06-26 17:09:41,2016-05-08 09:21:12,89
100399,100399,ACCT41256335,checking,9354.52,XPF,2002-02-21 20:09:41,2015-01-09 06:09:52,91
100400,100400,ACCT72777797,checking,6137.48,SRD,2013-10-29 03:17:56,2010-11-18 08:41:07,20
100401,100401,ACCT04464894,credit,5925.62,GNF,2024-02-27 23:27:23,2020-04-18 22:17:15,77
100402,100402,ACCT05889333,checking,9856.67,XPT,2007-02-11 17:46:06,2001-07-26 21:54:10,79
100403,100403,ACCT01171863,credit,9048.39,ANG,2017-05-31 06:58:56,2022-02-04 16:00:41,64
100404,100404,ACCT31514795,credit,3212.12,CDF,2007-05-07 00:21:40,2017-08-11 07:28:47,122
100405,100405,ACCT94855157,savings,2269.02,LKR,2002-07-25 06:52:48,2001-07-17 20:00:09,24
100406,100406,ACCT93746238,checking,4580.37,IDR,2002-05-09 23:32:12,2005-04-27 06:10:05,122
100407,100407,ACCT98375199,credit,5971.32,LRD,2018-06-07 08:40:15,2018-08-09 09:43:46,91
100408,100408,ACCT47603998,credit,3185.74,GTQ,2007-04-23 09:17:08,2022-10-23 04:48:47,84
100409,100409,ACCT57508329,savings,8733.10,MWK,2004-12-21 12:54:17,2001-09-10 19:43:30,71
100410,100410,ACCT89923383,savings,6088.15,RUB,2004-12-09 14:40:01,2022-05-23 17:47:57,54
100411,100411,ACCT84636820,credit,2072.20,TND,2012-11-05 01:11:23,2025-01-18 18:19:28,46
100412,100412,ACCT03294274,checking,4475.76,GBP,2005-03-27 18:04:24,2002-07-13 19:33:14,57
100413,100413,ACCT26209153,credit,740.62,TOP,2011-05-16 07:46:30,2024-12-08 11:57:35,115
100414,100414,ACCT62472070,savings,8847.49,MYR,2020-05-11 04:28:22,2022-11-16 13:23:52,15
100415,100415,ACCT68901467,savings,6189.83,ANG,2012-10-23 03:14:23,2009-06-13 19:57:48,39
100416,100416,ACCT50766580,checking,945.99,CAD,2021-05-10 23:08:57,2009-04-09 22:51:11,1
100417,100417,ACCT24342781,credit,6815.47,DOP,2013-08-31 01:16:04,2014-11-09 16:50:55,105
100418,100418,ACCT92969903,savings,5619.15,TOP,2010-03-19 11:11:41,2006-05-06 10:27:51,44
100419,100419,ACCT55709043,checking,2206.77,GYD,2008-03-05 19:51:59,2015-08-03 07:48:23,3
100420,100420,ACCT92049774,savings,5263.80,PKR,2015-08-01 08:34:19,2017-10-06 15:01:21,16
100421,100421,ACCT32888678,savings,2485.53,HKD,2023-04-11 17:58:11,2002-02-05 09:03:40,67
100422,100422,ACCT53726373,checking,923.68,WST,2018-07-07 03:45:03,2006-04-15 17:54:04,17
100423,100423,ACCT26532374,savings,1454.03,UGX,2009-11-17 16:10:42,2004-10-23 04:10:16,1
100424,100424,ACCT66801172,checking,6333.17,PKR,2017-01-10 12:36:55,2019-01-30 10:30:40,2
100425,100425,ACCT69241905,checking,9391.57,CHF,2012-08-12 09:34:31,2002-05-13 06:17:22,23
100426,100426,ACCT87542025,credit,9055.71,SAR,2014-06-11 12:42:19,2023-02-02 04:16:23,94
100427,100427,ACCT10692627,checking,8726.76,IDR,2007-05-01 08:50:13,2023-08-01 09:54:00,73
100428,100428,ACCT64222395,checking,8548.55,DOP,2005-03-13 20:55:55,2019-10-20 00:13:14,4
100429,100429,ACCT39708468,savings,6935.99,FJD,2006-05-05 04:52:58,2007-05-26 19:24:50,102
100430,100430,ACCT37842832,checking,1022.84,KPW,2011-05-19 22:59:40,2004-04-06 07:18:12,70
100431,100431,ACCT26977499,credit,1250.29,LBP,2003-09-12 18:33:35,2009-01-05 11:30:15,93
100432,100432,ACCT90810630,credit,2523.89,HNL,2018-08-30 09:55:16,2022-03-29 17:54:37,26
100433,100433,ACCT85926018,checking,5628.58,GBP,2004-10-20 11:05:54,2023-12-08 08:40:52,103
100434,100434,ACCT80675849,checking,5430.10,FJD,2020-03-16 02:20:16,2025-06-06 16:52:43,75
100435,100435,ACCT77522750,credit,8566.07,STD,2023-05-06 09:09:16,2009-04-15 14:48:35,80
100436,100436,ACCT50186461,credit,7073.73,CDF,2024-06-30 23:23:04,2009-07-01 01:23:36,56
100437,100437,ACCT59400272,savings,5324.60,XAF,2015-10-12 22:11:24,2008-11-15 19:47:11,45
100438,100438,ACCT88233234,checking,552.16,TMT,2020-01-22 07:01:18,2017-05-16 01:42:29,108
100439,100439,ACCT67740731,checking,7788.62,DJF,2015-07-23 15:35:29,2024-10-20 13:35:15,64
100440,100440,ACCT47291241,savings,316.66,USD,2013-03-24 22:40:40,2024-01-14 12:03:45,101
100441,100441,ACCT02122117,checking,2912.26,UAH,2021-12-21 14:47:07,2011-03-27 06:57:16,125
100442,100442,ACCT57303754,credit,9997.31,XBC,2010-01-06 08:02:03,2007-10-20 08:04:19,15
100443,100443,ACCT82239118,checking,1050.94,FJD,2006-09-02 09:35:01,2010-02-11 00:56:52,12
100444,100444,ACCT31655316,checking,4079.10,MGA,2025-04-15 17:22:43,2008-11-25 14:50:11,82
100445,100445,ACCT36351727,savings,5763.30,AFN,2007-10-19 22:31:51,2003-05-30 19:36:58,125
100446,100446,ACCT92279585,credit,1892.49,GMD,2023-04-12 19:27:05,2013-10-15 16:38:32,38
100447,100447,ACCT93566599,checking,6942.84,KYD,2009-08-10 08:03:22,2015-04-06 08:11:15,30
100448,100448,ACCT80348894,credit,9422.19,CAD,2012-03-22 11:42:26,2006-05-16 19:36:50,86
100449,100449,ACCT20445498,credit,7944.75,ETB,2016-09-12 00:15:22,2001-06-07 01:40:49,18
100450,100450,ACCT72512435,checking,2543.81,SBD,2008-03-20 17:38:13,2020-04-10 02:44:10,61
100451,100451,ACCT36854696,savings,6749.33,SAR,2025-06-30 09:24:06,2024-10-11 21:59:22,101
100452,100452,ACCT64293857,credit,1184.95,LKR,2002-02-28 11:49:39,2016-01-23 18:13:32,89
100453,100453,ACCT24142329,credit,7714.20,KZT,2006-05-27 04:49:26,2015-09-27 12:58:07,44
100454,100454,ACCT21042550,credit,9731.58,BZD,2003-03-18 07:36:00,2004-07-27 09:47:09,78
100455,100455,ACCT59049938,savings,8446.24,PAB,2010-08-05 15:04:45,2006-12-26 14:15:30,55
100456,100456,ACCT59105518,credit,550.59,LVL,2007-01-23 18:55:52,2002-01-08 17:43:51,74
100457,100457,ACCT92107641,checking,1465.72,ERN,2023-06-19 02:16:21,2001-11-28 22:08:40,122
100458,100458,ACCT06982419,savings,7299.97,IRR,2018-09-27 13:29:45,2025-05-19 04:55:33,83
100459,100459,ACCT32595605,credit,5601.22,SRD,2001-01-18 13:57:48,2020-03-22 10:31:51,24
100460,100460,ACCT23852708,checking,7093.64,MZN,2007-04-06 14:28:21,2017-03-29 22:01:43,88
100461,100461,ACCT64337269,checking,4408.31,GEL,2022-04-11 18:13:07,2002-10-03 08:12:42,59
100462,100462,ACCT53198591,savings,6835.82,ALL,2013-01-12 22:54:36,2008-01-15 09:13:15,51
100463,100463,ACCT77406449,credit,8366.01,BZD,2016-03-02 00:32:54,2005-03-17 22:08:41,95
100464,100464,ACCT90893388,credit,6184.15,SHP,2001-05-26 08:00:19,2000-09-11 18:35:33,93
100465,100465,ACCT58673672,credit,6788.30,GIP,2024-08-19 07:23:29,2001-08-16 10:00:59,41
100466,100466,ACCT51042883,checking,5340.15,LKR,2003-08-05 14:29:01,2024-10-21 06:42:00,62
100467,100467,ACCT42216166,checking,9807.90,NZD,2004-07-01 10:42:08,2022-09-05 04:41:01,35
100468,100468,ACCT90823815,checking,9195.56,OMR,2024-12-07 15:38:35,2013-12-31 10:20:23,54
100469,100469,ACCT88002083,credit,8642.48,PHP,2019-06-11 18:15:14,2020-11-27 03:01:23,122
100470,100470,ACCT01220672,savings,6191.50,BOB,2014-02-23 06:25:24,2016-06-12 11:05:05,19
100471,100471,ACCT25660114,checking,3495.72,CHF,2014-07-08 22:43:34,2019-09-16 01:31:01,52
100472,100472,ACCT41290913,savings,7250.82,XPF,2024-01-22 08:07:51,2016-01-20 10:29:34,54
100473,100473,ACCT07600568,credit,9993.48,SVC,2006-10-22 19:21:15,2014-07-22 16:45:19,51
100474,100474,ACCT25601105,savings,9282.15,PHP,2013-11-16 04:32:11,2023-04-04 13:31:46,37
100475,100475,ACCT81239639,checking,8889.42,DZD,2002-05-28 23:58:50,2022-08-29 10:48:20,7
100476,100476,ACCT31525210,credit,2534.18,SRD,2012-09-12 15:55:11,2021-01-18 12:22:06,61
100477,100477,ACCT11674096,savings,2898.72,CVE,2009-10-02 23:30:31,2023-03-20 11:54:37,56
100478,100478,ACCT75241650,credit,2988.90,TZS,2001-11-10 05:19:18,2009-11-08 10:21:26,87
100479,100479,ACCT19858862,checking,5301.43,IQD,2019-01-26 18:12:12,2002-10-19 18:15:35,22
100480,100480,ACCT60478380,checking,9454.28,THB,2016-01-14 12:08:13,2025-05-24 15:32:34,2
100481,100481,ACCT38104432,credit,5079.62,TRY,2021-08-03 19:36:24,2020-08-27 11:29:45,24
100482,100482,ACCT02598063,savings,4080.56,ARS,2005-07-12 19:39:02,2018-07-28 02:50:43,75
100483,100483,ACCT01421524,checking,9211.66,CLP,2014-10-23 08:20:42,2019-12-14 13:42:11,66
100484,100484,ACCT14898463,credit,8511.58,MWK,2013-06-04 01:44:48,2015-10-03 20:15:58,88
100485,100485,ACCT93926726,credit,7039.03,KMF,2001-02-08 03:20:13,2024-06-20 06:39:57,113
100486,100486,ACCT67327069,checking,4378.68,SRD,2009-04-10 13:40:47,2011-05-25 10:02:21,109
100487,100487,ACCT09439398,credit,4109.70,SAR,2003-02-16 07:59:19,2003-10-02 11:39:17,86
100488,100488,ACCT78080427,savings,6756.60,ILS,2017-05-06 17:47:30,2007-05-12 16:42:05,33
100489,100489,ACCT99396665,savings,7213.44,TTD,2001-07-30 23:58:20,2004-03-31 20:08:35,115
100490,100490,ACCT67208146,savings,4432.05,GBP,2006-03-12 21:45:53,2007-08-17 19:03:33,54
100491,100491,ACCT89434521,savings,4458.69,INR,2022-02-15 10:21:51,2009-03-28 23:05:18,24
100492,100492,ACCT16998323,credit,9117.50,LRD,2015-06-02 23:37:19,2011-10-09 15:35:49,65
100493,100493,ACCT02609722,credit,2182.28,DZD,2010-04-02 16:22:03,2001-06-20 12:01:51,58
100494,100494,ACCT90517493,checking,8420.63,RUB,2019-08-02 16:58:44,2025-07-20 06:34:42,86
100495,100495,ACCT67727509,credit,3308.43,BIF,2011-05-12 09:50:12,2017-03-31 16:28:32,24
100496,100496,ACCT27241392,checking,9073.22,CRC,2024-04-02 00:57:29,2022-03-12 05:11:59,100
100497,100497,ACCT02106441,checking,694.67,EUR,2008-01-28 07:39:08,2018-03-14 01:02:37,72
100498,100498,ACCT58894910,savings,3194.85,YER,2020-04-02 04:30:01,2019-04-15 01:56:29,8
100499,100499,ACCT12298476,savings,1662.85,XPD,2011-09-18 02:43:40,2024-04-11 22:21:35,29
100500,100500,ACCT69897125,checking,1698.44,ZWL,2010-03-22 00:50:04,2017-10-25 16:25:21,7
100501,100501,ACCT53236399,credit,1711.00,CAD,2001-03-12 02:38:47,2005-03-10 07:34:44,23
100502,100502,ACCT32091478,checking,1470.10,CHF,2023-01-11 00:28:39,2017-04-11 06:08:05,52
100503,100503,ACCT77973736,savings,7201.07,CZK,2004-04-16 21:04:14,2002-03-26 18:32:39,95
100504,100504,ACCT90925412,credit,9713.79,CHF,2002-06-30 21:18:59,2024-03-14 10:29:35,103
100505,100505,ACCT75566119,credit,2813.81,XAU,2001-08-16 11:33:44,2010-12-07 17:08:43,39
100506,100506,ACCT27037895,credit,9822.99,USD,2013-07-09 07:37:45,2018-08-17 00:13:23,28
100507,100507,ACCT59976924,credit,4478.32,HUF,2018-04-23 07:44:16,2020-12-16 11:06:18,116
100508,100508,ACCT98970371,credit,179.70,AOA,2004-04-17 13:48:05,2004-04-04 15:24:36,34
100509,100509,ACCT54808840,savings,263.75,AWG,2014-05-12 23:14:02,2013-03-07 22:37:53,61
100510,100510,ACCT76116926,savings,4062.34,FJD,2000-11-29 07:45:11,2014-04-13 06:53:36,53
100511,100511,ACCT82524776,savings,1028.55,NIO,2020-06-27 01:46:59,2012-10-16 10:46:37,5
100512,100512,ACCT69458331,savings,8843.93,CVE,2016-05-12 18:46:27,2025-07-01 13:02:02,23
100513,100513,ACCT39062583,savings,6687.15,LVL,2022-07-20 05:09:36,2017-01-27 06:25:43,49
100514,100514,ACCT10487653,savings,4846.39,DOP,2019-03-14 16:41:36,2016-06-12 15:17:03,69
100515,100515,ACCT59179872,checking,7349.84,ISK,2025-01-03 02:12:00,2008-06-25 00:44:59,56
100516,100516,ACCT48713937,checking,2703.23,EEK,2020-07-21 03:13:45,2010-12-06 11:52:22,88
100517,100517,ACCT66982825,checking,1354.24,MNT,2018-12-11 12:27:07,2011-05-28 23:05:06,1
100518,100518,ACCT35913960,credit,6675.03,ZAR,2006-03-19 09:52:43,2005-12-13 05:59:30,77
100519,100519,ACCT47150715,savings,3583.24,AFN,2017-01-01 22:34:18,2012-09-14 19:54:22,108
100520,100520,ACCT34478460,credit,4863.22,GMD,2019-04-10 05:10:08,2015-05-11 21:34:55,5
100521,100521,ACCT26250696,savings,3625.98,INR,2015-04-20 09:42:18,2013-05-29 07:03:16,48
100522,100522,ACCT46246634,checking,6406.04,ZWL,2020-08-25 21:30:13,2021-05-15 01:09:37,66
100523,100523,ACCT94813742,checking,542.84,XBA,2023-03-21 04:14:16,2021-07-08 15:37:39,41
100524,100524,ACCT47250917,credit,332.89,SCR,2018-07-02 04:06:42,2011-08-20 21:09:47,24
100525,100525,ACCT30578359,credit,6642.81,BND,2023-05-01 09:09:59,2016-06-14 10:38:29,28
100526,100526,ACCT00156779,checking,7213.50,LTL,2007-04-14 03:37:00,2013-02-03 08:27:16,111
100527,100527,ACCT78208534,checking,2309.55,MYR,2005-07-27 23:34:29,2022-01-20 19:02:14,102
100528,100528,ACCT65386947,checking,8073.47,XPF,2013-04-24 20:49:37,2002-09-05 08:29:03,99
100529,100529,ACCT70534177,checking,2415.40,SYP,2004-10-18 06:55:45,2016-01-26 10:59:02,14
100530,100530,ACCT29090656,savings,154.19,LVL,2008-10-31 10:10:47,2006-02-06 19:40:13,64
100531,100531,ACCT86342651,credit,136.02,CUP,2024-05-23 20:35:55,2012-04-24 12:25:56,83
100532,100532,ACCT96639792,credit,5856.93,INR,2006-12-03 05:11:27,2024-10-25 03:03:40,63
100533,100533,ACCT38075858,credit,212.89,HRK,2014-09-15 15:57:17,2020-04-03 07:50:26,109
100534,100534,ACCT11695636,credit,2670.86,SHP,2010-11-07 14:29:52,2022-02-24 11:32:24,21
100535,100535,ACCT06814150,savings,7348.74,MYR,2010-12-19 17:34:47,2001-10-21 00:15:56,102
100536,100536,ACCT05691485,checking,315.92,CHF,2013-03-23 14:14:37,2009-01-31 07:02:02,55
100537,100537,ACCT66802869,credit,5915.46,OMR,2008-06-22 13:14:48,2010-01-10 20:47:47,21
100538,100538,ACCT99521311,credit,1587.87,MOP,2001-05-11 22:21:29,2005-12-05 18:59:31,48
100539,100539,ACCT53155023,credit,1185.45,INR,2021-11-24 01:10:10,2024-01-15 13:57:23,37
100540,100540,ACCT17266508,checking,4553.23,OMR,2006-03-22 18:27:20,2003-09-13 11:31:33,20
100541,100541,ACCT27786294,savings,6171.30,LKR,2018-06-03 15:46:01,2025-01-16 06:55:55,114
100542,100542,ACCT43588859,credit,2911.70,ARS,2010-01-21 10:02:09,2012-11-14 02:48:39,79
100543,100543,ACCT37968846,credit,8014.00,JOD,2025-03-19 14:42:24,2008-01-26 02:18:21,105
100544,100544,ACCT17202775,checking,8154.07,NPR,2019-10-06 16:44:12,2011-08-10 23:15:20,69
100545,100545,ACCT06951225,credit,3752.03,CVE,2006-02-20 11:37:09,2009-05-24 15:26:35,24
100546,100546,ACCT20074334,savings,9562.08,GMD,2013-03-13 14:58:43,2002-08-06 23:57:55,36
100547,100547,ACCT00332625,credit,3467.70,ILS,2004-04-12 03:53:25,2015-11-07 23:36:09,15
100548,100548,ACCT98286588,savings,2053.94,SBD,2007-09-14 17:53:47,2005-05-12 13:23:42,73
100549,100549,ACCT50511361,savings,9324.44,XFU,2016-10-20 00:23:30,2010-12-10 16:26:31,62
100550,100550,ACCT73101953,checking,6231.70,LVL,2006-01-10 05:53:10,2016-12-29 02:14:48,68
100551,100551,ACCT30891895,savings,9636.42,HRK,2007-01-09 01:35:20,2004-05-26 18:32:31,19
100552,100552,ACCT10783832,checking,6787.63,MAD,2004-01-06 01:22:10,2017-06-18 22:09:39,35
100553,100553,ACCT54375131,checking,1664.30,XDR,2004-11-19 20:13:46,2020-09-11 14:20:56,89
100554,100554,ACCT97786722,checking,8682.98,UYU,2013-01-29 22:35:10,2005-06-02 22:58:17,32
100555,100555,ACCT32080304,savings,3867.23,XDR,2017-05-05 17:13:34,2015-03-03 03:07:20,8
100556,100556,ACCT92903476,checking,7095.44,MWK,2015-07-13 17:24:34,2008-03-24 02:46:45,26
100557,100557,ACCT40321649,credit,7121.20,STD,2011-05-17 16:54:56,2003-06-14 17:11:38,21
100558,100558,ACCT63735957,checking,4235.46,OMR,2005-08-22 04:25:17,2008-11-03 07:25:57,22
100559,100559,ACCT51793389,checking,5537.48,COP,2009-01-29 20:15:43,2000-12-11 10:05:54,101
100560,100560,ACCT80555759,credit,9420.19,KES,2017-05-13 20:59:42,2020-01-04 20:20:27,42
100561,100561,ACCT10864436,savings,8287.96,RSD,2006-01-11 10:42:50,2023-08-11 12:03:22,10
100562,100562,ACCT88974477,checking,8018.25,GYD,2024-10-16 17:41:57,2021-05-14 07:21:51,117
100563,100563,ACCT49340995,savings,9139.61,TMT,2016-11-24 06:03:46,2003-03-20 15:59:23,104
100564,100564,ACCT89477603,checking,7147.79,AED,2004-08-15 17:46:10,2010-03-08 06:29:26,22
100565,100565,ACCT80470708,savings,8551.63,UYU,2000-09-24 06:37:26,2013-01-11 17:13:16,63
100566,100566,ACCT76595049,savings,1863.62,DKK,2009-05-30 15:24:49,2005-06-29 21:57:01,60
100567,100567,ACCT80554711,savings,9661.49,VEF,2023-10-15 05:22:01,2020-07-13 08:30:59,46
100568,100568,ACCT15973737,checking,2348.51,DKK,2016-12-17 12:07:12,2009-08-07 05:57:33,29
100569,100569,ACCT02385160,savings,9434.38,EEK,2012-10-10 09:18:03,2014-08-15 21:36:29,125
100570,100570,ACCT42857873,checking,4514.34,SAR,2007-12-26 06:45:46,2004-05-13 00:22:00,0
100571,100571,ACCT53661021,checking,2123.23,MGA,2023-09-04 19:58:47,2001-08-25 04:01:55,126
100572,100572,ACCT84125515,credit,9749.80,TRY,2016-08-25 21:16:50,2009-09-08 16:10:11,14
100573,100573,ACCT84546852,checking,1415.65,XPT,2017-03-28 00:48:44,2015-11-10 18:32:59,124
100574,100574,ACCT95911971,credit,2547.85,XOF,2017-12-17 21:07:40,2007-02-06 22:50:55,7
100575,100575,ACCT96358602,checking,3583.82,CRC,2010-12-22 09:35:45,2009-12-16 12:38:03,63
100576,100576,ACCT19113385,checking,5591.86,BOB,2024-06-13 05:42:35,2024-01-15 21:54:50,53
100577,100577,ACCT37841893,savings,2841.82,MMK,2009-07-14 22:58:05,2019-05-12 19:40:50,35
100578,100578,ACCT78338529,credit,7499.40,SRD,2009-02-27 06:20:32,2024-10-23 13:19:35,57
100579,100579,ACCT75555878,checking,2790.52,AED,2019-05-17 03:34:01,2007-03-07 10:35:57,101
100580,100580,ACCT44337803,checking,9109.18,ZAR,2018-04-06 04:35:32,2001-04-12 07:19:38,80
100581,100581,ACCT30772953,checking,1893.32,HRK,2025-08-19 04:01:03,2008-12-24 15:39:16,94
100582,100582,ACCT86755848,credit,6146.76,CZK,2007-12-13 17:11:29,2019-09-16 03:23:53,66
100583,100583,ACCT61505734,credit,2662.63,MKD,2007-02-09 05:00:38,2017-05-22 21:55:42,6
100584,100584,ACCT18491161,checking,9500.06,KES,2013-11-15 02:00:32,2005-02-11 13:17:46,38
100585,100585,ACCT86427536,checking,7937.05,TRY,2022-08-01 19:03:11,2000-12-07 06:48:33,126
100586,100586,ACCT26543296,savings,1495.06,XBB,2020-12-22 03:57:19,2009-05-02 12:11:39,103
100587,100587,ACCT53808448,credit,5260.80,SAR,2009-09-04 17:13:59,2007-03-28 22:44:51,79
100588,100588,ACCT83260771,credit,6028.92,DOP,2014-03-19 22:01:27,2014-01-24 22:37:25,115
100589,100589,ACCT90189999,checking,3753.88,NZD,2022-02-01 19:51:14,2001-10-28 21:17:24,104
100590,100590,ACCT54896564,credit,380.27,TMT,2018-03-26 17:22:13,2016-03-10 22:36:24,106
100591,100591,ACCT25208922,savings,5889.69,UAH,2017-12-03 20:26:20,2002-04-14 23:30:24,108
100592,100592,ACCT94939676,credit,1049.37,AFN,2015-03-16 23:50:08,2011-04-14 11:59:04,32
100593,100593,ACCT24305388,credit,2025.46,CDF,2024-07-20 08:15:44,2015-11-24 18:41:20,105
100594,100594,ACCT42614738,checking,877.86,ZMK,2006-04-17 07:06:57,2013-05-09 15:06:47,25
100595,100595,ACCT08159278,savings,8329.04,JMD,2002-11-19 05:33:41,2005-08-04 10:29:31,32
100596,100596,ACCT52616186,credit,8399.31,XAU,2011-04-12 09:17:25,2015-01-20 14:59:49,34
100597,100597,ACCT19862514,savings,3994.75,XAF,2004-07-03 19:28:09,2013-07-08 08:43:28,119
100598,100598,ACCT53605221,checking,9119.22,USD,2003-12-01 03:25:26,2023-08-09 18:52:52,9
100599,100599,ACCT38315608,savings,22.02,SAR,2019-06-09 22:15:47,2021-11-02 05:05:13,4
100600,100600,ACCT99548908,checking,7162.18,MVR,2013-03-14 09:01:55,2020-10-19 17:02:09,109
100601,100601,ACCT71796588,savings,5748.17,UAH,2012-07-18 01:28:33,2008-02-26 02:23:05,118
100602,100602,ACCT19828387,credit,5905.06,MRO,2011-07-09 01:22:13,2024-02-17 22:24:42,9
100603,100603,ACCT23098693,savings,9136.19,KHR,2024-05-16 12:21:31,2021-01-23 18:19:20,63
100604,100604,ACCT29762791,checking,7572.66,MNT,2019-11-26 03:41:33,2011-01-15 10:04:41,34
100605,100605,ACCT86670533,checking,9394.78,SVC,2008-09-25 02:52:37,2004-11-06 05:16:53,92
100606,100606,ACCT63475373,savings,6266.03,HTG,2009-12-16 04:50:40,2019-04-20 22:37:15,21
100607,100607,ACCT51136895,savings,5351.41,PHP,2000-11-28 03:18:54,2005-08-03 10:56:33,124
100608,100608,ACCT05489042,checking,5644.95,BDT,2012-10-23 05:08:20,2001-09-01 03:19:13,41
100609,100609,ACCT68322023,checking,497.08,ILS,2016-02-10 16:22:29,2003-05-03 00:14:06,42
100610,100610,ACCT51963478,savings,86.71,BHD,2000-09-01 07:53:32,2017-01-29 08:28:42,61
100611,100611,ACCT51339743,checking,5029.56,RON,2011-11-16 12:02:54,2013-06-05 07:01:39,15
100612,100612,ACCT81528025,savings,2462.44,SYP,2024-08-28 01:34:51,2010-08-16 09:44:33,60
100613,100613,ACCT94135928,credit,2493.30,UAH,2006-03-14 06:43:06,2008-05-06 03:36:46,18
100614,100614,ACCT42681028,savings,5430.94,XPD,2016-03-09 21:22:07,2012-01-30 09:43:04,74
100615,100615,ACCT57884028,savings,4707.74,MYR,2004-02-18 10:59:24,2017-06-29 21:00:03,93
100616,100616,ACCT83981636,checking,3819.09,TTD,2020-07-01 17:13:34,2024-06-23 02:30:58,72
100617,100617,ACCT55689604,credit,7975.74,XTS,2002-11-12 21:44:44,2004-08-12 15:08:43,93
100618,100618,ACCT67753394,savings,6638.56,SGD,2009-01-17 02:24:06,2025-06-22 11:08:11,4
100619,100619,ACCT61603613,checking,6855.36,INR,2020-09-17 03:40:50,2006-05-03 04:29:36,3
100620,100620,ACCT89494779,credit,1304.88,EUR,2021-03-25 22:50:01,2019-03-15 18:48:39,44
100621,100621,ACCT48735440,savings,7512.86,BND,2002-01-07 17:39:41,2009-08-15 21:39:44,64
100622,100622,ACCT44059886,checking,2535.78,GNF,2008-07-25 22:01:16,2013-09-02 20:44:14,41
100623,100623,ACCT89695929,credit,6191.86,INR,2021-11-06 03:49:50,2015-01-18 09:16:47,50
100624,100624,ACCT86392060,credit,4364.12,KES,2014-06-08 02:42:07,2007-01-14 17:12:23,94
100625,100625,ACCT73182506,checking,6979.11,TZS,2020-10-14 04:36:25,2014-09-30 10:10:38,42
100626,100626,ACCT23524198,checking,6251.07,FKP,2024-05-09 23:47:19,2014-05-30 19:04:04,57
100627,100627,ACCT75237192,checking,6949.06,QAR,2012-11-21 21:26:51,2022-01-26 12:44:34,4
100628,100628,ACCT08207688,savings,5907.73,AZN,2001-03-16 01:27:40,2022-12-27 19:09:29,77
100629,100629,ACCT82600870,checking,1196.26,BAM,2002-01-04 16:54:04,2007-12-17 19:22:31,58
100630,100630,ACCT30330793,credit,9091.81,PAB,2013-05-16 01:05:49,2013-07-07 02:11:02,88
100631,100631,ACCT19263708,credit,5375.78,AUD,2011-02-20 10:30:14,2010-06-14 16:09:00,21
100632,100632,ACCT32931695,checking,5708.44,CHF,2022-11-09 10:26:49,2023-10-26 02:25:27,22
100633,100633,ACCT67897502,credit,4354.15,TWD,2023-01-11 07:56:35,2003-08-18 08:24:53,37
100634,100634,ACCT40822478,checking,6432.51,XBD,2005-09-07 21:37:27,2005-10-23 12:51:51,90
100635,100635,ACCT23232263,credit,8195.06,IRR,2012-02-20 12:25:24,2007-05-29 06:42:27,110
100636,100636,ACCT59350817,checking,4170.11,SDG,2002-12-03 17:43:17,2020-11-21 06:21:41,34
100637,100637,ACCT35740004,savings,2063.38,FJD,2000-12-03 09:19:10,2023-04-17 02:24:17,73
100638,100638,ACCT60384815,checking,6170.22,BSD,2005-11-10 22:28:47,2019-04-30 20:26:58,84
100639,100639,ACCT44057911,credit,635.09,UGX,2003-02-18 15:38:12,2007-05-28 13:48:37,63
100640,100640,ACCT36227707,checking,1696.38,BGN,2015-07-28 04:37:42,2009-02-20 18:07:31,4
100641,100641,ACCT06600435,credit,9683.85,XFU,2014-01-25 23:56:21,2002-10-01 07:20:06,58
100642,100642,ACCT84796136,checking,2916.64,KMF,2023-04-06 11:39:09,2022-08-23 20:22:14,52
100643,100643,ACCT08606181,credit,5629.91,LKR,2008-11-13 14:50:55,2012-12-26 09:05:06,65
100644,100644,ACCT10822300,checking,1323.53,KES,2007-11-12 05:05:18,2003-12-14 23:10:25,66
100645,100645,ACCT45750759,checking,353.43,LBP,2013-06-30 09:03:30,2014-04-24 06:13:33,19
100646,100646,ACCT27403723,credit,1070.68,BND,2006-12-09 11:07:50,2013-08-04 15:07:57,50
100647,100647,ACCT67973209,credit,9546.37,XAU,2020-03-22 23:01:40,2024-02-06 15:51:01,96
100648,100648,ACCT99279586,checking,2786.98,XBD,2010-07-14 15:04:23,2016-04-30 12:12:19,65
100649,100649,ACCT33420778,savings,2829.83,CHF,2009-10-06 21:31:16,2013-04-05 14:03:29,113
100650,100650,ACCT77880945,checking,2649.76,JPY,2024-12-10 14:49:36,2003-08-05 03:47:42,37
100651,100651,ACCT01066764,savings,9856.01,FKP,2013-05-21 17:12:22,2011-07-21 22:06:12,52
100652,100652,ACCT11071065,checking,5606.66,ZAR,2012-02-04 01:37:07,2012-12-22 00:47:47,11
100653,100653,ACCT95567274,savings,4694.11,CVE,2014-07-25 15:50:49,2005-04-15 08:51:12,33
100654,100654,ACCT22902899,checking,8292.43,BYR,2012-12-06 12:10:45,2002-10-08 16:12:06,113
100655,100655,ACCT97243449,credit,6733.76,AED,2014-09-28 12:03:35,2022-11-20 20:29:45,109
100656,100656,ACCT33847501,checking,7234.51,MYR,2018-08-10 09:10:45,2013-07-31 06:36:27,60
100657,100657,ACCT64843082,credit,9931.98,NZD,2014-11-16 11:16:05,2016-03-04 02:37:30,100
100658,100658,ACCT10207584,checking,8536.21,LRD,2010-10-19 06:08:58,2023-09-22 08:54:12,99
100659,100659,ACCT29313974,credit,2185.38,AFN,2001-08-11 21:35:48,2021-04-26 22:45:17,41
100660,100660,ACCT74025974,savings,4338.70,PAB,2005-12-20 21:22:59,2013-08-10 06:42:47,108
100661,100661,ACCT18398959,credit,3155.15,RWF,2014-10-07 02:56:47,2016-07-19 20:41:51,33
100662,100662,ACCT36947705,checking,5957.30,HUF,2021-08-20 05:28:47,2021-11-15 07:09:32,7
100663,100663,ACCT23821406,checking,4233.85,FKP,2021-01-04 16:55:07,2000-12-03 05:00:45,75
100664,100664,ACCT25489992,checking,7764.73,EGP,2015-07-30 01:36:23,2022-09-20 15:45:29,47
100665,100665,ACCT37914786,credit,9815.63,NOK,2016-09-27 03:28:51,2007-10-12 05:32:08,99
100666,100666,ACCT95554856,savings,3626.21,LTL,2006-08-27 15:53:09,2016-11-26 22:45:43,86
100667,100667,ACCT41462980,credit,9985.37,LRD,2001-11-20 02:41:24,2013-05-21 09:55:49,82
100668,100668,ACCT74729453,credit,4844.51,MVR,2012-04-30 15:40:02,2015-10-10 09:08:33,28
100669,100669,ACCT51495508,checking,3101.77,CHF,2020-10-31 21:53:15,2007-12-17 18:55:29,11
100670,100670,ACCT50039297,checking,9791.27,TMT,2018-10-19 20:42:57,2022-01-30 00:10:57,45
100671,100671,ACCT85669838,credit,3284.61,ISK,2001-02-04 16:00:23,2011-04-29 00:24:45,43
100672,100672,ACCT58182868,credit,567.10,CDF,2005-04-19 17:38:37,2024-02-16 12:44:58,5
100673,100673,ACCT18838335,savings,431.49,PAB,2012-12-24 13:19:44,2021-04-15 21:09:55,2
100674,100674,ACCT00004972,savings,1765.62,JMD,2010-11-07 06:24:44,2023-04-06 15:59:36,49
100675,100675,ACCT08272376,credit,5683.41,XAF,2025-05-09 19:26:28,2003-06-13 18:19:31,70
100676,100676,ACCT97542463,savings,8029.40,TRY,2021-07-23 06:59:19,2011-11-12 15:23:45,16
100677,100677,ACCT74607462,savings,8871.36,NPR,2018-08-11 13:25:42,2002-02-26 05:54:07,47
100678,100678,ACCT52477610,checking,8209.65,WST,2008-09-01 23:25:32,2009-09-24 19:09:57,28
100679,100679,ACCT32012365,savings,2537.04,ZAR,2005-08-24 19:13:04,2008-07-03 05:54:15,109
100680,100680,ACCT18653728,credit,9529.66,GYD,2022-03-31 18:16:15,2021-09-01 17:20:00,21
100681,100681,ACCT67973240,savings,6262.23,JOD,2007-12-07 07:57:04,2016-12-07 17:47:49,1
100682,100682,ACCT47336310,credit,1130.04,BRL,2008-11-07 02:18:04,2000-11-11 08:13:31,9
100683,100683,ACCT44174698,checking,6758.91,HTG,2016-03-14 15:09:34,2012-03-20 07:03:32,113
100684,100684,ACCT34639499,checking,1359.98,ZMK,2025-04-18 09:38:46,2009-07-21 17:36:47,11
100685,100685,ACCT70416462,credit,1394.91,KZT,2016-10-15 10:52:33,2018-01-19 09:51:21,93
100686,100686,ACCT92760025,credit,3087.18,RON,2008-09-10 08:10:36,2018-09-16 10:24:26,51
100687,100687,ACCT87471007,credit,3364.24,HRK,2011-01-02 12:31:36,2015-10-04 16:08:57,8
100688,100688,ACCT17787263,savings,5957.44,ILS,2003-09-11 07:57:42,2010-11-30 23:20:26,26
100689,100689,ACCT63324809,checking,4066.86,KZT,2007-04-06 21:53:14,2001-07-01 15:19:27,55
100690,100690,ACCT56164158,checking,9223.67,XBC,2021-03-26 03:15:50,2006-08-27 19:34:43,56
100691,100691,ACCT52943787,savings,9463.29,SOS,2020-10-09 13:37:03,2007-04-14 09:41:58,35
100692,100692,ACCT62348487,savings,8304.65,PKR,2001-04-16 23:13:05,2010-08-07 06:54:43,97
100693,100693,ACCT57875388,credit,2595.85,MNT,2001-07-24 18:59:41,2001-11-01 11:01:15,99
100694,100694,ACCT20803344,credit,4704.06,TMT,2005-05-01 12:50:22,2009-11-05 19:52:44,1
100695,100695,ACCT84202623,savings,9718.36,MVR,2016-05-10 23:41:46,2012-03-01 09:06:59,59
100696,100696,ACCT40069638,checking,4553.60,MNT,2004-01-03 11:34:43,2013-01-11 00:36:46,0
100697,100697,ACCT43041966,credit,9850.58,MAD,2009-05-14 06:29:18,2020-02-23 08:32:45,108
100698,100698,ACCT33666307,savings,1505.85,SEK,2004-06-30 01:35:55,2002-08-09 20:22:05,94
100699,100699,ACCT65048416,checking,6879.06,KES,2001-02-21 00:24:30,2011-01-22 08:56:11,15
100700,100700,ACCT32798433,checking,7466.30,GMD,2016-09-14 10:30:53,2005-11-30 18:43:11,105
100701,100701,ACCT02375766,checking,4052.85,UYU,2019-03-06 21:29:32,2021-06-22 16:43:45,97
100702,100702,ACCT67384434,checking,5792.82,NZD,2003-03-12 17:52:15,2014-09-05 07:41:21,89
100703,100703,ACCT02854960,savings,1664.43,SAR,2024-12-20 15:43:54,2021-10-02 06:52:15,78
100704,100704,ACCT46571168,credit,1706.65,DOP,2022-05-10 03:28:27,2004-04-21 10:59:33,117
100705,100705,ACCT35943732,checking,7113.49,BND,2009-05-28 22:46:54,2017-03-09 22:39:02,121
100706,100706,ACCT63016761,credit,140.66,UZS,2005-11-28 02:12:27,2004-08-05 16:01:15,65
100707,100707,ACCT75639508,checking,8364.16,TZS,2017-08-20 02:02:25,2013-08-04 06:24:19,72
100708,100708,ACCT59279503,checking,7189.93,ISK,2019-02-17 23:45:32,2014-09-02 10:45:47,49
100709,100709,ACCT22384283,checking,705.32,XDR,2000-10-25 17:06:17,2022-01-08 10:15:42,79
100710,100710,ACCT62089841,checking,3498.47,XAU,2010-08-08 05:46:43,2011-03-13 00:59:18,72
100711,100711,ACCT50199479,savings,452.47,XPT,2022-03-28 21:53:53,2024-01-17 09:24:24,40
100712,100712,ACCT68437754,savings,2470.89,THB,2003-02-23 05:02:41,2005-03-20 00:19:27,11
100713,100713,ACCT81587485,checking,571.49,XBD,2022-12-20 14:11:27,2022-11-29 06:32:07,68
100714,100714,ACCT57898465,savings,1468.00,ZAR,2005-06-30 15:56:50,2014-04-08 19:07:18,85
100715,100715,ACCT75625778,credit,6682.18,DJF,2025-02-07 19:10:01,2011-07-13 14:17:24,60
100716,100716,ACCT41776675,savings,912.32,AWG,2005-07-06 19:42:48,2018-08-04 02:14:05,81
100717,100717,ACCT73971674,credit,6783.29,ZAR,2009-10-27 21:49:15,2022-04-10 15:45:26,31
100718,100718,ACCT35029206,checking,2280.13,LVL,2009-08-18 14:49:03,2015-12-31 15:45:38,89
100719,100719,ACCT91993328,credit,1685.46,CAD,2011-01-12 15:19:19,2021-02-13 04:27:40,121
100720,100720,ACCT92393332,savings,8408.32,GNF,2007-10-06 08:26:20,2019-02-12 19:17:35,31
100721,100721,ACCT96589325,credit,8052.80,SVC,2015-07-04 04:41:57,2015-11-18 02:54:18,12
100722,100722,ACCT30253637,savings,6924.11,DJF,2015-03-23 15:04:03,2003-04-01 06:04:22,40
100723,100723,ACCT87476943,savings,2304.79,IQD,2016-09-25 12:03:47,2024-02-15 07:44:53,56
100724,100724,ACCT66802428,savings,2344.18,HTG,2011-11-10 20:06:34,2000-12-21 01:23:46,38
100725,100725,ACCT89750231,savings,1739.35,QAR,2003-06-04 09:39:36,2014-11-25 01:23:41,52
100726,100726,ACCT91037883,checking,3324.89,XOF,2006-07-16 03:19:22,2018-11-23 10:15:58,18
100727,100727,ACCT85958554,checking,2083.76,HRK,2018-03-29 08:24:03,2002-11-26 23:02:08,29
100728,100728,ACCT56119498,savings,6422.18,HTG,2007-07-27 10:07:43,2002-11-09 04:56:35,96
100729,100729,ACCT74383123,checking,6398.36,STD,2024-09-27 06:06:00,2009-03-23 18:43:02,101
100730,100730,ACCT04011391,checking,5687.06,KYD,2000-09-22 13:49:18,2007-09-22 17:30:40,15
100731,100731,ACCT76417180,credit,4638.15,UAH,2009-01-10 17:34:22,2016-10-13 04:41:56,27
100732,100732,ACCT96945084,savings,1539.07,TOP,2024-08-08 18:16:31,2024-05-11 03:21:08,28
100733,100733,ACCT96577891,checking,2168.03,SYP,2017-10-31 21:18:09,2024-07-13 16:13:56,51
100734,100734,ACCT98772733,credit,2086.61,SRD,2017-06-22 23:31:11,2012-08-09 17:31:45,55
100735,100735,ACCT32164424,savings,7731.46,UZS,2006-08-23 20:37:48,2022-02-22 04:51:34,57
100736,100736,ACCT42889037,savings,3770.23,LRD,2014-04-27 21:30:31,2013-11-11 08:55:29,6
100737,100737,ACCT10538731,checking,549.63,AOA,2017-03-07 10:45:05,2008-09-01 15:12:20,89
100738,100738,ACCT70160628,savings,5667.47,AWG,2003-12-14 05:47:58,2012-07-26 03:59:18,29
100739,100739,ACCT48957557,savings,3794.70,NGN,2021-07-13 06:00:21,2017-01-13 13:10:33,58
100740,100740,ACCT29174380,checking,6697.31,SVC,2006-05-07 21:27:57,2012-12-18 07:20:38,74
100741,100741,ACCT75599676,checking,9208.89,QAR,2015-07-20 05:18:33,2010-09-26 06:58:30,67
100742,100742,ACCT78453459,savings,7387.30,PAB,2004-11-17 21:03:08,2024-09-12 16:27:55,76
100743,100743,ACCT56088992,checking,9359.28,ARS,2006-10-08 11:16:38,2014-06-05 09:48:58,48
100744,100744,ACCT38534532,savings,6809.81,HNL,2009-02-17 05:14:14,2022-12-03 11:02:18,67
100745,100745,ACCT07878306,checking,9311.25,YER,2013-09-14 20:45:24,2000-12-13 05:13:59,39
100746,100746,ACCT76578651,credit,1157.61,AWG,2023-05-21 14:07:11,2011-10-09 22:23:23,85
100747,100747,ACCT15546522,savings,5412.40,ANG,2015-06-10 13:46:08,2021-09-08 22:56:55,43
100748,100748,ACCT10533465,savings,7518.35,XPD,2003-11-29 04:19:50,2009-08-10 09:02:49,5
100749,100749,ACCT59179749,checking,2600.52,TRY,2019-08-09 02:36:44,2007-03-07 15:12:24,66
100750,100750,ACCT08566406,credit,5436.20,MDL,2002-10-05 10:29:33,2003-05-04 15:18:04,25
100751,100751,ACCT77573909,credit,3038.10,TJS,2008-01-10 17:39:34,2008-02-08 13:02:27,5
100752,100752,ACCT26687101,savings,9435.96,BOB,2014-12-14 18:31:16,2004-03-10 15:28:16,33
100753,100753,ACCT32540663,checking,2940.60,KPW,2009-06-17 17:30:29,2006-08-12 05:24:06,113
100754,100754,ACCT23004858,savings,8855.13,SBD,2022-03-18 20:39:41,2022-04-17 12:35:47,16
100755,100755,ACCT06541112,credit,3873.08,LKR,2007-09-02 13:56:00,2013-11-15 20:22:44,106
100756,100756,ACCT70578872,checking,2015.65,JMD,2012-02-12 20:13:37,2005-11-08 23:45:47,76
100757,100757,ACCT14828481,credit,2362.14,BRL,2017-05-20 00:00:44,2007-07-24 04:51:37,74
100758,100758,ACCT38338656,credit,1305.46,MNT,2014-11-01 09:26:42,2019-11-28 20:58:53,8
100759,100759,ACCT37618949,checking,2884.93,MGA,2012-10-21 04:47:54,2017-07-02 14:48:34,37
100760,100760,ACCT05134104,checking,4376.63,TWD,2016-11-20 07:10:28,2018-08-22 19:56:14,32
100761,100761,ACCT03395330,savings,4790.57,NOK,2002-11-14 01:28:57,2006-07-08 15:40:24,47
100762,100762,ACCT65755434,savings,6050.45,XFU,2023-04-29 13:58:17,2014-05-08 18:55:25,58
100763,100763,ACCT35678020,checking,1771.36,EGP,2015-01-21 05:11:10,2012-06-18 07:35:55,15
100764,100764,ACCT80215897,credit,1208.15,JOD,2001-09-10 20:58:24,2019-12-01 22:06:32,120
100765,100765,ACCT01593066,savings,1579.39,TJS,2017-08-06 07:09:31,2002-04-05 18:22:13,11
100766,100766,ACCT11352952,savings,2901.50,AED,2016-04-27 14:39:06,2024-10-06 08:50:16,97
100767,100767,ACCT17408613,credit,4882.70,BGN,2001-12-24 15:33:08,2002-06-12 13:08:51,56
100768,100768,ACCT81935850,savings,3008.97,LYD,2024-10-22 16:38:51,2022-12-10 00:27:55,75
100769,100769,ACCT78319979,checking,1732.40,AMD,2005-05-03 02:13:39,2022-08-22 17:49:15,99
100770,100770,ACCT41184433,credit,7266.96,BBD,2002-02-10 15:51:05,2008-09-23 00:02:05,109
100771,100771,ACCT76919710,credit,5985.72,KYD,2015-02-22 03:02:34,2019-09-27 03:56:45,70
100772,100772,ACCT57416937,savings,8602.42,UAH,2016-11-11 13:47:25,2017-07-15 17:56:46,48
100773,100773,ACCT16854789,savings,6270.67,PEN,2005-07-22 05:03:14,2007-07-30 14:04:16,38
100774,100774,ACCT46808346,credit,4971.28,BAM,2001-12-25 14:25:16,2015-10-02 16:25:00,55
100775,100775,ACCT75888785,savings,3415.56,STD,2010-12-19 08:15:52,2001-11-08 13:15:31,3
100776,100776,ACCT15455720,checking,1860.75,TTD,2019-06-05 14:29:58,2018-12-04 19:23:57,72
100777,100777,ACCT52979409,savings,584.85,PAB,2001-12-13 21:31:09,2014-12-23 09:53:44,81
100778,100778,ACCT60034338,savings,8143.00,LBP,2020-01-09 09:50:50,2022-09-04 17:24:02,39
100779,100779,ACCT76478331,savings,3203.38,LRD,2002-06-25 14:33:43,2002-10-18 02:18:15,43
100780,100780,ACCT08650028,credit,3879.47,AUD,2016-07-07 06:30:59,2019-02-26 00:28:38,69
100781,100781,ACCT84176068,checking,810.85,GBP,2000-08-18 18:05:27,2000-09-26 02:44:27,4
100782,100782,ACCT15826706,checking,3182.31,SLL,2015-09-19 04:52:15,2015-03-26 14:13:26,6
100783,100783,ACCT28769801,credit,4621.13,MZN,2003-02-11 01:33:31,2024-02-23 13:36:03,22
100784,100784,ACCT16558337,credit,6461.16,IRR,2004-03-17 00:34:30,2024-05-06 12:54:24,16
100785,100785,ACCT47502601,checking,276.46,SGD,2017-07-29 13:10:19,2016-02-24 01:00:14,95
100786,100786,ACCT89545335,savings,7844.79,TOP,2012-05-22 18:11:23,2008-04-02 20:42:58,51
100787,100787,ACCT97447962,checking,250.41,THB,2022-10-07 23:52:04,2015-08-06 05:39:08,117
100788,100788,ACCT93372797,checking,2700.38,TZS,2010-05-12 19:13:39,2017-12-28 10:44:17,30
100789,100789,ACCT87199340,credit,9888.78,PAB,2016-10-15 21:31:39,2007-07-04 13:16:55,78
100790,100790,ACCT67945716,checking,815.65,INR,2007-03-19 13:04:53,2002-12-03 08:30:23,78
100791,100791,ACCT79241521,checking,3161.44,SZL,2020-09-01 09:09:05,2020-12-28 08:04:58,39
100792,100792,ACCT27735597,checking,5704.77,ARS,2024-02-18 15:03:04,2006-01-15 01:41:51,48
100793,100793,ACCT85870785,credit,1967.41,SRD,2009-03-19 15:43:49,2017-11-24 22:32:57,118
100794,100794,ACCT92081152,savings,3799.17,BMD,2015-05-10 17:40:44,2000-09-21 19:08:03,29
100795,100795,ACCT76479309,credit,7078.72,PEN,2015-08-09 14:48:35,2010-04-28 14:13:50,99
100796,100796,ACCT96000719,credit,7044.75,KMF,2013-04-30 06:31:01,2007-05-31 21:25:50,37
100797,100797,ACCT65482799,credit,475.08,KRW,2010-11-09 09:49:12,2022-08-30 22:37:13,120
100798,100798,ACCT63220119,credit,3110.86,TJS,2017-09-22 01:56:15,2008-11-08 06:29:01,115
100799,100799,ACCT81171866,credit,1513.84,RON,2007-09-22 11:52:46,2004-09-04 16:47:56,65
100800,100800,ACCT71056608,savings,2392.93,UYU,2017-05-08 07:48:16,2025-08-05 14:54:58,22
100801,100801,ACCT16674856,savings,1857.56,HNL,2008-04-23 15:56:58,2017-12-07 00:28:29,107
100802,100802,ACCT44500008,savings,5035.52,ILS,2017-04-23 18:21:15,2022-05-17 12:39:49,108
100803,100803,ACCT74954244,credit,2761.49,XAU,2014-06-22 05:58:54,2015-04-19 00:09:11,55
100804,100804,ACCT98734617,savings,2996.05,MAD,2001-12-27 15:12:59,2002-04-10 10:25:40,72
100805,100805,ACCT53227514,credit,9777.00,XOF,2010-04-03 18:53:22,2002-11-21 06:07:24,40
100806,100806,ACCT67921570,credit,6801.95,QAR,2013-11-16 07:59:25,2015-05-08 14:11:19,114
100807,100807,ACCT02605563,credit,3383.79,ZWL,2006-02-18 21:09:32,2004-11-19 01:26:58,25
100808,100808,ACCT34204183,savings,8116.64,TOP,2018-07-14 13:47:03,2017-07-14 05:43:37,77
100809,100809,ACCT99732790,checking,3907.12,GEL,2015-06-30 04:48:53,2011-07-21 08:20:59,120
100810,100810,ACCT85720663,checking,2925.63,STD,2023-12-05 06:58:01,2016-11-11 13:49:47,115
100811,100811,ACCT75235314,credit,7348.55,ZAR,2018-12-23 23:11:45,2004-12-20 17:42:39,86
100812,100812,ACCT24532833,credit,5387.91,XCD,2006-02-10 08:59:40,2013-03-14 14:25:40,30
100813,100813,ACCT78236918,credit,7656.68,UAH,2006-04-09 17:00:52,2006-02-01 00:18:37,71
100814,100814,ACCT92935068,savings,4883.54,KYD,2017-03-25 14:18:17,2011-10-09 17:20:44,100
100815,100815,ACCT21192523,savings,5340.84,MXN,2023-05-04 13:02:36,2021-03-30 18:04:52,93
100816,100816,ACCT41882548,checking,3144.80,IDR,2021-05-07 12:45:31,2014-04-15 13:04:01,18
100817,100817,ACCT47683678,checking,2196.68,MXN,2003-03-21 13:37:01,2016-05-30 01:00:59,86
100818,100818,ACCT89981486,savings,610.75,USD,2020-08-25 19:41:48,2015-06-18 08:20:26,109
100819,100819,ACCT72403444,checking,4933.36,TJS,2019-07-11 18:05:13,2005-01-18 18:05:35,87
100820,100820,ACCT99457312,savings,1225.48,CDF,2012-08-20 05:21:03,2005-07-14 09:45:34,56
100821,100821,ACCT14434823,checking,4489.55,BWP,2019-01-11 04:14:43,2012-02-15 08:22:31,120
100822,100822,ACCT61235699,savings,9146.06,GBP,2014-03-24 01:14:29,2009-08-27 17:53:40,102
100823,100823,ACCT11552018,checking,3279.37,HKD,2012-02-08 22:18:43,2002-08-29 22:39:09,75
100824,100824,ACCT54929957,savings,4482.11,XBD,2014-12-01 20:25:04,2016-01-21 16:45:24,83
100825,100825,ACCT26063104,checking,5153.10,SVC,2003-03-21 11:57:25,2013-09-09 07:21:46,108
100826,100826,ACCT80680884,checking,4904.81,MGA,2022-06-21 16:04:17,2011-03-28 18:30:27,45
100827,100827,ACCT35643501,savings,5783.06,PGK,2008-05-27 13:04:38,2002-07-15 00:06:41,111
100828,100828,ACCT15361482,credit,6295.84,ISK,2013-09-19 22:04:41,2020-02-25 21:39:49,105
100829,100829,ACCT73187057,credit,7939.28,HUF,2005-09-19 03:20:20,2002-01-30 20:59:01,120
100830,100830,ACCT01992031,credit,5519.26,XDR,2010-11-04 17:03:28,2019-12-18 19:15:53,8
100831,100831,ACCT83578395,savings,2805.89,BIF,2012-10-04 17:55:32,2006-10-29 20:23:12,103
100832,100832,ACCT59336141,credit,7760.59,MXN,2017-06-16 15:32:00,2018-09-15 01:41:06,36
100833,100833,ACCT67917763,credit,6367.72,DJF,2024-04-27 11:39:21,2010-10-07 07:52:27,97
100834,100834,ACCT83069752,checking,6962.96,STD,2003-01-13 14:10:54,2015-03-31 09:21:51,0
100835,100835,ACCT43723713,checking,7883.19,BND,2005-09-15 11:24:02,2012-01-02 12:19:17,8
100836,100836,ACCT91085592,savings,1881.58,LTL,2004-01-06 12:54:53,2025-01-02 05:06:59,62
100837,100837,ACCT58860735,savings,4625.98,KWD,2010-11-19 18:42:25,2001-03-16 20:55:48,37
100838,100838,ACCT47609931,checking,9762.97,DKK,2012-06-27 04:46:52,2010-04-08 02:56:48,41
100839,100839,ACCT53655064,savings,5154.09,TOP,2008-01-10 09:17:20,2009-06-07 16:22:38,120
100840,100840,ACCT20943613,savings,1128.69,TRY,2005-02-08 11:26:01,2005-07-01 23:31:14,93
100841,100841,ACCT70294915,checking,9233.63,XAU,2024-12-18 01:38:11,2020-08-14 07:40:15,118
100842,100842,ACCT00733971,savings,504.35,ARS,2011-10-31 01:36:30,2019-02-10 01:21:49,105
100843,100843,ACCT74771309,credit,748.65,FKP,2025-04-03 00:36:49,2021-06-21 11:21:44,60
100844,100844,ACCT09705602,savings,991.56,LBP,2025-01-13 03:32:32,2009-06-01 00:22:03,65
100845,100845,ACCT01554800,checking,5164.10,BYR,2019-05-03 04:43:10,2009-01-28 01:45:28,95
100846,100846,ACCT82868424,checking,3544.25,INR,2016-06-12 08:03:58,2004-11-01 04:53:32,15
100847,100847,ACCT76151503,savings,2729.62,BOB,2012-11-08 11:44:50,2002-03-19 12:16:22,18
100848,100848,ACCT55654003,savings,1802.24,MWK,2023-02-13 01:22:53,2004-07-17 00:07:37,109
100849,100849,ACCT27072087,credit,5128.41,DZD,2011-10-16 07:38:01,2015-06-14 18:17:49,6
100850,100850,ACCT25999631,savings,8878.33,SAR,2009-03-10 21:36:25,2004-09-05 14:52:34,119
100851,100851,ACCT05235686,checking,6852.51,FKP,2024-09-13 20:58:01,2021-05-03 19:13:12,75
100852,100852,ACCT06184323,credit,6023.01,XPF,2001-12-26 07:03:20,2015-07-01 12:09:05,104
100853,100853,ACCT77107995,credit,3546.72,KRW,2002-11-22 17:29:31,2015-01-12 00:33:15,26
100854,100854,ACCT00800551,credit,3439.92,ARS,2017-02-20 05:24:26,2022-08-06 02:20:01,21
100855,100855,ACCT52853207,savings,885.75,SZL,2014-01-23 10:42:58,2015-11-14 14:05:12,120
100856,100856,ACCT50287821,checking,8441.16,CAD,2002-08-31 23:48:34,2023-01-24 22:28:56,37
100857,100857,ACCT47377205,savings,7369.00,BDT,2024-12-18 10:04:30,2016-12-24 21:37:40,124
100858,100858,ACCT25035715,savings,4763.14,MWK,2004-02-24 05:39:52,2012-10-10 13:40:29,82
100859,100859,ACCT99406464,credit,8524.10,BBD,2014-03-26 11:05:20,2018-04-22 08:00:33,6
100860,100860,ACCT74396020,credit,2268.89,AFN,2016-01-10 23:11:46,2022-09-15 18:56:58,67
100861,100861,ACCT85611240,credit,4352.63,BZD,2004-11-29 09:34:43,2015-10-08 18:01:19,54
100862,100862,ACCT55831911,checking,7903.57,MNT,2003-09-01 23:17:14,2024-05-25 05:14:22,119
100863,100863,ACCT85289841,checking,5031.82,KWD,2007-08-22 21:46:54,2022-03-12 12:24:28,30
100864,100864,ACCT91532768,checking,5016.05,XTS,2017-04-07 10:05:14,2022-10-07 21:20:23,37
100865,100865,ACCT88565046,credit,5665.23,ZAR,2017-12-31 01:22:09,2005-12-31 17:45:14,49
100866,100866,ACCT65970766,checking,8786.01,XBB,2019-08-02 03:18:26,2018-01-31 10:59:51,105
100867,100867,ACCT50363690,credit,668.07,KYD,2005-08-14 06:36:23,2014-12-10 19:34:59,37
100868,100868,ACCT29072675,checking,4184.69,PGK,2020-07-07 08:33:25,2020-07-29 06:27:50,0
100869,100869,ACCT29803768,credit,3752.87,KGS,2003-08-28 22:15:51,2013-05-04 20:56:53,105
100870,100870,ACCT99362576,savings,9736.14,XPF,2004-09-01 04:37:44,2024-02-07 04:59:46,99
100871,100871,ACCT41679268,checking,4675.80,XAU,2013-06-27 21:18:26,2016-07-27 01:24:34,6
100872,100872,ACCT47831963,checking,4328.72,XOF,2023-03-03 15:29:33,2004-10-16 13:10:52,84
100873,100873,ACCT41657956,savings,8298.53,TOP,2005-01-18 04:13:34,2000-10-23 20:44:34,23
100874,100874,ACCT36132100,credit,5853.95,XAG,2011-05-01 13:24:49,2008-02-25 03:36:25,112
100875,100875,ACCT38668457,credit,2155.92,TRY,2021-03-19 17:37:24,2008-11-21 15:16:26,66
100876,100876,ACCT65758629,credit,3828.69,CNY,2021-07-24 05:20:37,2008-04-21 04:04:29,44
100877,100877,ACCT78724860,credit,2793.34,CZK,2017-07-07 12:51:34,2015-06-17 05:56:42,113
100878,100878,ACCT73420582,credit,4099.07,SYP,2009-07-26 02:17:39,2000-09-13 05:49:00,37
100879,100879,ACCT31286079,savings,8502.68,AWG,2019-09-02 04:01:58,2017-09-24 20:32:02,60
100880,100880,ACCT97316344,checking,1850.65,KWD,2006-11-29 17:24:55,2014-08-24 08:08:16,118
100881,100881,ACCT47302234,credit,1752.45,MRO,2005-07-05 15:12:27,2015-06-22 21:26:40,68
100882,100882,ACCT85722220,credit,484.05,JMD,2005-02-26 23:14:52,2018-12-24 11:56:25,123
100883,100883,ACCT77758358,credit,1241.58,MDL,2002-05-25 19:10:43,2014-07-06 09:12:17,84
100884,100884,ACCT49877924,credit,3389.76,TRY,2015-11-14 00:36:27,2001-12-19 16:39:44,101
100885,100885,ACCT77794270,credit,3929.88,LKR,2003-06-14 23:24:46,2012-02-26 09:46:41,17
100886,100886,ACCT98739164,credit,4609.12,JOD,2004-06-14 22:09:09,2001-10-21 17:47:14,60
100887,100887,ACCT52313110,savings,7090.15,XBC,2005-12-30 19:50:25,2025-01-13 20:27:58,39
100888,100888,ACCT73379136,checking,3043.62,LRD,2005-10-11 14:30:31,2000-10-20 20:54:05,55
100889,100889,ACCT42284604,checking,21.54,SCR,2000-12-09 13:18:26,2012-11-17 20:43:22,23
100890,100890,ACCT37951384,checking,4922.59,UGX,2005-05-26 03:58:54,2009-12-16 03:23:18,2
100891,100891,ACCT64688877,checking,2852.62,CVE,2021-04-29 07:27:22,2010-06-25 04:57:57,92
100892,100892,ACCT18265931,checking,6216.68,AMD,2013-02-07 23:36:43,2016-03-11 23:43:46,126
100893,100893,ACCT55647267,savings,4292.53,THB,2019-11-02 09:00:07,2002-08-09 02:27:10,70
100894,100894,ACCT47962142,credit,2553.94,LTL,2007-06-05 21:07:04,2002-03-18 13:06:03,19
100895,100895,ACCT89286353,savings,2363.20,TRY,2017-11-10 05:28:14,2003-05-22 07:14:20,77
100896,100896,ACCT12354596,savings,9826.35,CRC,2006-12-01 01:04:53,2000-10-08 05:47:22,18
100897,100897,ACCT58646929,checking,8325.11,KZT,2024-02-16 06:20:44,2023-06-07 06:47:29,42
100898,100898,ACCT74290120,credit,6341.83,RUB,2016-02-16 17:56:32,2014-10-13 03:08:07,36
100899,100899,ACCT15072997,checking,8108.61,KHR,2010-06-29 08:29:42,2016-04-02 22:17:00,50
100900,100900,ACCT95159176,savings,3263.20,BSD,2008-01-10 07:58:37,2007-02-12 14:43:02,66
100901,100901,ACCT40972498,credit,1655.46,ZAR,2024-07-02 01:29:14,2011-11-20 20:28:54,62
100902,100902,ACCT87470830,credit,6767.43,MNT,2015-02-25 02:09:39,2017-09-05 10:19:59,87
100903,100903,ACCT06721627,checking,5389.13,BRL,2015-01-22 15:59:20,2007-12-11 15:33:11,31
100904,100904,ACCT18478973,savings,4351.41,IDR,2005-04-01 04:36:03,2007-11-24 07:58:58,62
100905,100905,ACCT51104267,savings,8452.48,ZWL,2011-09-03 07:51:02,2019-12-03 14:46:19,69
100906,100906,ACCT46021352,credit,1903.66,PLN,2015-02-28 17:04:35,2013-01-18 06:17:49,44
100907,100907,ACCT98292306,savings,8918.21,DZD,2006-06-20 15:59:23,2010-05-24 21:46:09,55
100908,100908,ACCT00096611,credit,4362.76,KRW,2000-10-03 11:02:12,2009-04-25 08:00:04,100
100909,100909,ACCT95422596,credit,1589.13,CLP,2009-12-22 23:39:15,2001-07-12 03:05:32,28
100910,100910,ACCT97741661,credit,4203.90,ANG,2004-10-26 22:40:26,2021-06-20 07:11:24,91
100911,100911,ACCT54202003,savings,6614.61,PLN,2022-08-16 07:00:40,2011-07-02 18:34:37,58
100912,100912,ACCT89426248,credit,756.25,HKD,2015-07-21 11:10:59,2000-10-27 14:52:28,23
100913,100913,ACCT02953943,checking,5466.23,MMK,2015-10-31 09:12:09,2024-09-22 18:45:10,30
100914,100914,ACCT74213267,credit,2979.11,BZD,2018-08-17 14:24:24,2010-12-26 12:24:07,99
100915,100915,ACCT86655058,savings,3006.56,HUF,2017-07-23 06:29:13,2017-05-20 21:08:27,109
100916,100916,ACCT17998325,credit,6246.99,KHR,2001-09-29 23:37:14,2021-04-04 13:20:38,79
100917,100917,ACCT25054770,savings,6771.37,JPY,2016-04-13 17:53:31,2004-05-19 15:12:11,106
100918,100918,ACCT02494106,checking,3750.20,EUR,2024-05-20 21:52:56,2003-08-03 11:51:24,82
100919,100919,ACCT28969587,savings,5146.36,MNT,2017-12-14 05:27:54,2021-09-27 05:39:20,96
100920,100920,ACCT78859677,credit,8052.70,PKR,2011-08-02 10:01:59,2007-10-05 16:20:57,44
100921,100921,ACCT45256618,savings,7990.07,NIO,2002-04-11 04:18:21,2019-07-26 12:19:53,82
100922,100922,ACCT41835887,savings,2312.83,IQD,2009-02-05 06:52:14,2023-01-19 04:41:29,110
100923,100923,ACCT44622215,savings,7224.59,YER,2014-09-03 18:23:07,2007-11-14 00:27:11,38
100924,100924,ACCT42696392,checking,1722.03,HKD,2008-10-09 21:03:21,2022-03-23 09:54:30,0
100925,100925,ACCT46889331,savings,1933.64,YER,2024-03-11 20:05:04,2003-09-21 00:13:10,75
100926,100926,ACCT91106797,credit,8314.81,INR,2004-11-05 13:57:33,2012-10-12 09:32:17,125
100927,100927,ACCT46884243,credit,6176.84,GTQ,2016-06-07 05:47:00,2019-04-10 19:41:21,0
100928,100928,ACCT26285938,credit,9818.71,ZMK,2022-03-25 14:56:03,2010-10-31 09:14:06,0
100929,100929,ACCT43200470,checking,6807.91,JPY,2017-12-17 13:14:05,2020-06-21 18:49:10,91
100930,100930,ACCT16591379,credit,421.56,MXN,2018-02-11 05:10:20,2020-02-13 15:04:46,126
100931,100931,ACCT73834308,checking,9491.63,MAD,2016-07-01 21:35:24,2024-04-11 09:17:28,55
100932,100932,ACCT64738515,checking,6916.79,XPD,2012-07-03 10:52:41,2006-05-09 20:13:53,13
100933,100933,ACCT63397307,checking,419.46,THB,2007-04-21 09:06:38,2003-03-09 08:13:27,38
100934,100934,ACCT05308309,savings,2732.99,UGX,2005-03-04 00:03:05,2011-07-12 21:56:27,95
100935,100935,ACCT38638904,savings,8156.83,KPW,2015-09-19 05:26:31,2007-01-11 09:12:51,4
100936,100936,ACCT05155458,credit,8856.55,GEL,2013-06-28 13:45:35,2000-12-19 05:21:45,68
100937,100937,ACCT60521027,savings,9000.52,CLP,2016-08-05 08:02:07,2013-03-13 15:47:05,77
100938,100938,ACCT58606552,credit,15.69,ILS,2000-08-30 04:53:46,2019-11-10 12:33:00,78
100939,100939,ACCT42372979,credit,2223.13,DJF,2012-02-09 03:15:41,2017-03-07 21:04:23,56
100940,100940,ACCT63078931,savings,6017.17,UAH,2011-11-24 19:04:22,2024-08-03 08:25:41,72
100941,100941,ACCT02521868,savings,831.11,DZD,2022-12-04 18:19:57,2008-05-04 14:53:58,97
100942,100942,ACCT61286262,savings,7526.98,BIF,2000-12-23 21:03:43,2016-12-02 23:09:55,50
100943,100943,ACCT90687444,savings,3816.09,IDR,2004-02-01 14:37:59,2001-03-11 06:02:00,71
100944,100944,ACCT83095938,checking,7481.56,ALL,2021-01-24 07:50:41,2020-07-27 08:30:10,90
100945,100945,ACCT30623248,checking,7346.64,KES,2009-05-23 11:12:43,2008-03-07 23:16:08,20
100946,100946,ACCT42739880,credit,9732.94,BMD,2015-08-01 04:29:02,2017-10-17 04:12:57,52
100947,100947,ACCT12107939,checking,2594.88,XPF,2016-04-30 19:41:24,2019-10-07 03:51:23,68
100948,100948,ACCT73063448,checking,5400.24,KES,2019-01-23 15:58:31,2008-07-17 03:02:21,22
100949,100949,ACCT36840082,credit,4741.62,NZD,2007-11-06 17:49:07,2019-05-20 11:39:44,118
100950,100950,ACCT26818097,checking,1060.40,OMR,2025-08-24T12:59:09,2025-08-24T12:59:09,58
100951,100951,ACCT40636658,checking,1633.98,MRO,2025-08-24T12:59:09,2025-08-24T12:59:09,49
100952,100952,ACCT92556314,credit,6605.36,NZD,2025-08-24T12:59:09,2025-08-24T12:59:09,71
100953,100953,ACCT04708531,checking,7214.79,DJF,2025-08-24T12:59:09,2025-08-24T12:59:09,52
100954,100954,ACCT99264773,checking,973.21,MGA,2025-08-24T12:59:09,2025-08-24T12:59:09,13
100955,100955,ACCT50508578,savings,7495.28,THB,2025-08-24T12:59:09,2025-08-24T12:59:09,120
100956,100956,ACCT62355086,savings,1582.59,TMT,2025-08-24T12:59:09,2025-08-24T12:59:09,66
100957,100957,ACCT57338612,credit,8948.19,FKP,2025-08-24T12:59:09,2025-08-24T12:59:09,38
100958,100958,ACCT83669073,checking,5125.93,GYD,2025-08-24T12:59:09,2025-08-24T12:59:09,52
100959,100959,ACCT47175210,checking,6861.43,ERN,2025-08-24T12:59:09,2025-08-24T12:59:09,67
100960,100960,ACCT08829692,savings,9277.77,PEN,2025-08-24T12:59:09,2025-08-24T12:59:09,75
100961,100961,ACCT24016205,credit,5672.59,EEK,2025-08-24T12:59:09,2025-08-24T12:59:09,84
100962,100962,ACCT49586994,savings,4123.78,IRR,2025-08-24T12:59:09,2025-08-24T12:59:09,115
100963,100963,ACCT97457805,credit,3517.41,AWG,2025-08-24T12:59:09,2025-08-24T12:59:09,14
100964,100964,ACCT50682750,savings,9896.78,ZAR,2025-08-24T12:59:09,2025-08-24T12:59:09,90
100965,100965,ACCT09895023,savings,8243.91,SBD,2025-08-24T12:59:09,2025-08-24T12:59:09,47
100966,100966,ACCT00824607,savings,1505.15,ILS,2025-08-24T12:59:09,2025-08-24T12:59:09,92
100967,100967,ACCT25276265,checking,3695.82,DOP,2025-08-24T12:59:09,2025-08-24T12:59:09,52
100968,100968,ACCT13429122,checking,6851.35,GYD,2025-08-24T12:59:09,2025-08-24T12:59:09,99
100969,100969,ACCT16981077,checking,39.96,NIO,2025-08-24T12:59:09,2025-08-24T12:59:09,39
100970,100970,ACCT78790434,credit,2963.70,GIP,2025-08-24T12:59:09,2025-08-24T12:59:09,56
100971,100971,ACCT59811776,checking,4842.20,LYD,2025-08-24T12:59:09,2025-08-24T12:59:09,69
100972,100972,ACCT10123893,credit,3310.00,KMF,2025-08-24T12:59:09,2025-08-24T12:59:09,45
100973,100973,ACCT27910332,credit,7184.21,XBC,2025-08-24T12:59:09,2025-08-24T12:59:09,13
100974,100974,ACCT39087874,credit,9539.84,PKR,2025-08-24T12:59:09,2025-08-24T12:59:09,23
100975,100975,ACCT68295548,checking,2710.48,UGX,2025-08-24T12:59:09,2025-08-24T12:59:09,126
100976,100976,ACCT09717091,checking,8432.70,HKD,2025-08-24T12:59:09,2025-08-24T12:59:09,41
100977,100977,ACCT03701242,savings,5612.96,SEK,2025-08-24T12:59:09,2025-08-24T12:59:09,62
100978,100978,ACCT34166626,savings,8536.68,HUF,2025-08-24T12:59:09,2025-08-24T12:59:09,98
100979,100979,ACCT68050077,credit,4364.51,KWD,2025-08-24T12:59:09,2025-08-24T12:59:09,88
100980,100980,ACCT06527395,credit,3299.06,MKD,2025-08-24T12:59:09,2025-08-24T12:59:09,46
100981,100981,ACCT34002093,credit,1824.62,TJS,2025-08-24T12:59:09,2025-08-24T12:59:09,116
100982,100982,ACCT79656157,savings,7253.68,BRL,2025-08-24T12:59:09,2025-08-24T12:59:09,28
100983,100983,ACCT75549529,savings,140.15,NOK,2025-08-24T12:59:09,2025-08-24T12:59:09,81
100984,100984,ACCT20862422,savings,6784.59,UAH,2025-08-24T12:59:09,2025-08-24T12:59:09,16
100985,100985,ACCT37753739,savings,4784.60,VND,2025-08-24T12:59:09,2025-08-24T12:59:09,21
100986,100986,ACCT76164504,credit,6281.35,MVR,2025-08-24T12:59:09,2025-08-24T12:59:09,43
100987,100987,ACCT18359081,savings,5913.48,SLL,2025-08-24T12:59:09,2025-08-24T12:59:09,49
100988,100988,ACCT47887596,credit,7195.61,HNL,2025-08-24T12:59:09,2025-08-24T12:59:09,121
100989,100989,ACCT12737358,checking,4906.39,TWD,2025-08-24T12:59:09,2025-08-24T12:59:09,72
100990,100990,ACCT09209016,savings,1063.39,MAD,2025-08-24T12:59:09,2025-08-24T12:59:09,74
100991,100991,ACCT56601554,checking,8124.16,SLL,2025-08-24T12:59:09,2025-08-24T12:59:09,20
100992,100992,ACCT76489219,checking,6342.92,BND,2025-08-24T12:59:09,2025-08-24T12:59:09,83
100993,100993,ACCT06383913,credit,2289.44,GEL,2025-08-24T12:59:09,2025-08-24T12:59:09,27
100994,100994,ACCT88643004,credit,2708.09,ALL,2025-08-24T12:59:09,2025-08-24T12:59:09,48
100995,100995,ACCT88650017,credit,7918.91,TJS,2025-08-24T12:59:09,2025-08-24T12:59:09,64
100996,100996,ACCT97406248,checking,8915.89,GBP,2025-08-24T12:59:09,2025-08-24T12:59:09,108
100997,100997,ACCT85276521,credit,466.56,KRW,2025-08-24T12:59:09,2025-08-24T12:59:09,0
100998,100998,ACCT71643800,checking,1618.45,CUP,2025-08-24T12:59:09,2025-08-24T12:59:09,109
100999,100999,ACCT03030393,savings,7508.82,MMK,2025-08-24T12:59:09,2025-08-24T12:59:09,44
